boot: whisper fw build 6a902c7f (previous life died at 0x100/0x201)
14:54:24.738: whisper executor: axon init rc=0
14:54:24.738: slot @ 0x2004b000 (208K)  arena @ 0x20032000 (100K)
14:54:24.738: interlayer @ 0x20021000 (64K)  psum @ 0x20031000 (4K)
14:54:27.821: standalone: SD init
14:54:27.821: sd: CMD0 poll bytes: FF 01 FF FF FF FF FF FF FF FF FF FF FF FF FF FF (r=01)
14:54:27.821: standalone: ready (12230 kept vocabulary entries)
14:54:27.821: 
14:54:27.821: === speak now (12 s) ===
14:54:43.686: vad: floor -8.49 peak -4.74 thresh -6.74, speech to mel frame 330 -> ctx 197 (4 tiles of 10)
14:54:43.686: sd[mel]: rd 453 KB / 143 ms, wr 475 KB / 526 ms
14:54:43.686: encoder...
14:54:43.697: npu wconv1: validate rc=0 infer...
14:54:43.822: npu: infer rc=0
14:54:43.822: npu wconv1: validate rc=0 infer...
14:54:43.822: npu: infer rc=0
14:54:43.822: npu wconv1: validate rc=0 infer...
14:54:43.832: npu: infer rc=0
14:54:43.957: npu wconv1: validate rc=0 infer...
14:54:43.957: npu: infer rc=0
14:54:43.957: npu wconv1: validate rc=0 infer...
14:54:43.957: npu: infer rc=0
14:54:43.957: npu wconv1: validate rc=0 infer...
14:54:44.081: npu: infer rc=0
14:54:44.081: npu wconv1: validate rc=0 infer...
14:54:44.081: npu: infer rc=0
14:54:44.081: npu wconv1: validate rc=0 infer...
14:54:44.094: npu: infer rc=0
14:54:44.214: npu wconv2a: validate rc=0 infer...
14:54:44.333: npu: infer rc=0
14:54:44.563: npu wconv2a: validate rc=0 infer...
14:54:44.563: npu: infer rc=0
14:54:44.575: npu wconv2a: validate rc=0 infer...
14:54:44.695: npu: infer rc=0
14:54:44.695: npu wconv2a: validate rc=0 infer...
14:54:44.814: npu: infer rc=0
14:54:44.826: npu wconv2b: validate rc=0 infer...
14:54:44.947: npu: infer rc=0
14:54:45.287: npu wconv2b: validate rc=0 infer...
14:54:45.287: npu: infer rc=0
14:54:45.411: npu wconv2b: validate rc=0 infer...
14:54:45.411: npu: infer rc=0
14:54:45.411: npu wconv2b: validate rc=0 infer...
14:54:45.532: npu: infer rc=0
14:54:45.654: npu wconv2c: validate rc=0 infer...
14:54:45.654: npu: infer rc=0
14:54:45.996: npu wconv2c: validate rc=0 infer...
14:54:45.996: npu: infer rc=0
14:54:46.118: npu wconv2c: validate rc=0 infer...
14:54:46.118: npu: infer rc=0
14:54:46.239: npu wconv2c: validate rc=0 infer...
14:54:46.239: npu: infer rc=0
14:54:47.128: npu wq0: validate rc=0 infer...
14:54:47.128: npu: infer rc=0
14:54:47.251: npu wq0: validate rc=0 infer...
14:54:47.251: npu: infer rc=0
14:54:47.371: npu wq0: validate rc=0 infer...
14:54:47.382: npu: infer rc=0
14:54:47.722: npu wq0: validate rc=0 infer...
14:54:47.722: npu: infer rc=0
14:54:48.167: npu wk0: validate rc=0 infer...
14:54:48.167: npu: infer rc=0
14:54:48.179: npu wk0: validate rc=0 infer...
14:54:48.298: npu: infer rc=0
14:54:48.530: npu wk0: validate rc=0 infer...
14:54:48.530: npu: infer rc=0
14:54:48.869: npu wk0: validate rc=0 infer...
14:54:48.869: npu: infer rc=0
14:54:49.212: npu wv0: validate rc=0 infer...
14:54:49.212: npu: infer rc=0
14:54:49.332: npu wv0: validate rc=0 infer...
14:54:49.332: npu: infer rc=0
14:54:49.673: npu wv0: validate rc=0 infer...
14:54:49.673: npu: infer rc=0
14:54:50.014: npu wv0: validate rc=0 infer...
14:54:50.014: npu: infer rc=0
14:54:53.396: npu wout0: validate rc=0 infer...
14:54:53.396: npu: infer rc=0
14:54:53.626: npu wout0: validate rc=0 infer...
14:54:53.626: npu: infer rc=0
14:54:53.626: npu wout0: validate rc=0 infer...
14:54:53.626: npu: infer rc=0
14:54:53.637: npu wout0: validate rc=0 infer...
14:54:53.756: npu: infer rc=0
14:54:54.530: npu wfc1a: validate rc=0 infer...
14:54:54.530: npu: infer rc=0
14:54:54.530: npu wfc2p0: validate rc=0 infer...
14:54:54.530: npu: infer rc=0
14:54:54.870: npu wfc1a: validate rc=0 infer...
14:54:54.870: npu: infer rc=0
14:54:54.870: npu wfc2p0: validate rc=0 infer...
14:54:54.870: npu: infer rc=0
14:54:54.991: npu wfc1a: validate rc=0 infer...
14:54:54.991: npu: infer rc=0
14:54:55.113: npu wfc2p0: validate rc=0 infer...
14:54:55.113: npu: infer rc=0
14:54:55.113: npu wfc1a: validate rc=0 infer...
14:54:55.113: npu: infer rc=0
14:54:55.234: npu wfc2p0: validate rc=0 infer...
14:54:55.234: npu: infer rc=0
14:54:55.357: npu wfc1b: validate rc=0 infer...
14:54:55.357: npu: infer rc=0
14:54:55.357: npu wfc2p1: validate rc=0 infer...
14:54:55.357: npu: infer rc=0
14:54:55.479: npu wfc1b: validate rc=0 infer...
14:54:55.479: npu: infer rc=0
14:54:55.602: npu wfc2p1: validate rc=0 infer...
14:54:55.602: npu: infer rc=0
14:54:55.602: npu wfc1b: validate rc=0 infer...
14:54:55.602: npu: infer rc=0
14:54:55.723: npu wfc2p1: validate rc=0 infer...
14:54:55.723: npu: infer rc=0
14:54:55.844: npu wfc1b: validate rc=0 infer...
14:54:55.844: npu: infer rc=0
14:54:55.844: npu wfc2p1: validate rc=0 infer...
14:54:55.844: npu: infer rc=0
14:54:55.965: npu wfc1c: validate rc=0 infer...
14:54:55.965: npu: infer rc=0
14:54:55.977: npu wfc2p2: validate rc=0 infer...
14:54:55.988: npu: infer rc=0
14:54:56.108: npu wfc1c: validate rc=0 infer...
14:54:56.108: npu: infer rc=0
14:54:56.231: npu wfc2p2: validate rc=0 infer...
14:54:56.231: npu: infer rc=0
14:54:56.231: npu wfc1c: validate rc=0 infer...
14:54:56.242: npu: infer rc=0
14:54:56.362: npu wfc2p2: validate rc=0 infer...
14:54:56.362: npu: infer rc=0
14:54:56.485: npu wfc1c: validate rc=0 infer...
14:54:56.485: npu: infer rc=0
14:54:56.485: npu wfc2p2: validate rc=0 infer...
14:54:56.485: npu: infer rc=0
14:54:56.606: npu wfc1d: validate rc=0 infer...
14:54:56.606: npu: infer rc=0
14:54:56.617: npu wfc2p3: validate rc=0 infer...
14:54:56.627: npu: infer rc=0
14:54:56.748: npu wfc1d: validate rc=0 infer...
14:54:56.748: npu: infer rc=0
14:54:56.868: npu wfc2p3: validate rc=0 infer...
14:54:56.868: npu: infer rc=0
14:54:56.880: npu wfc1d: validate rc=0 infer...
14:54:56.891: npu: infer rc=0
14:54:57.011: npu wfc2p3: validate rc=0 infer...
14:54:57.011: npu: infer rc=0
14:54:57.134: npu wfc1d: validate rc=0 infer...
14:54:57.134: npu: infer rc=0
14:54:57.134: npu wfc2p3: validate rc=0 infer...
14:54:57.134: npu: infer rc=0
14:54:58.011: npu w1q: validate rc=0 infer...
14:54:58.011: npu: infer rc=0
14:54:58.131: npu w1q: validate rc=0 infer...
14:54:58.131: npu: infer rc=0
14:54:58.360: npu w1q: validate rc=0 infer...
14:54:58.360: npu: infer rc=0
14:54:58.697: npu w1q: validate rc=0 infer...
14:54:58.697: npu: infer rc=0
14:54:59.034: npu w1k: validate rc=0 infer...
14:54:59.034: npu: infer rc=0
14:54:59.154: npu w1k: validate rc=0 infer...
14:54:59.154: npu: infer rc=0
14:54:59.492: npu w1k: validate rc=0 infer...
14:54:59.492: npu: infer rc=0
14:54:59.831: npu w1k: validate rc=0 infer...
14:54:59.831: npu: infer rc=0
14:55:00.169: npu w1v: validate rc=0 infer...
14:55:00.169: npu: infer rc=0
14:55:00.287: npu w1v: validate rc=0 infer...
14:55:00.287: npu: infer rc=0
14:55:00.516: npu w1v: validate rc=0 infer...
14:55:00.516: npu: infer rc=0
14:55:00.855: npu w1v: validate rc=0 infer...
14:55:00.855: npu: infer rc=0
14:55:04.244: npu w1out: validate rc=0 infer...
14:55:04.255: npu: infer rc=0
14:55:04.600: npu w1out: validate rc=0 infer...
14:55:04.600: npu: infer rc=0
14:55:04.600: npu w1out: validate rc=0 infer...
14:55:04.600: npu: infer rc=0
14:55:04.600: npu w1out: validate rc=0 infer...
14:55:04.600: npu: infer rc=0
14:55:05.376: npu w1fc1a: validate rc=0 infer...
14:55:05.376: npu: infer rc=0
14:55:05.498: npu w1fc2p0: validate rc=0 infer...
14:55:05.498: npu: infer rc=0
14:55:05.726: npu w1fc1a: validate rc=0 infer...
14:55:05.726: npu: infer rc=0
14:55:05.847: npu w1fc2p0: validate rc=0 infer...
14:55:05.847: npu: infer rc=0
14:55:05.858: npu w1fc1a: validate rc=0 infer...
14:55:05.984: npu: infer rc=0
14:55:05.984: npu w1fc2p0: validate rc=0 infer...
14:55:05.984: npu: infer rc=0
14:55:06.106: npu w1fc1a: validate rc=0 infer...
14:55:06.106: npu: infer rc=0
14:55:06.106: npu w1fc2p0: validate rc=0 infer...
14:55:06.106: npu: infer rc=0
14:55:06.226: npu w1fc1b: validate rc=0 infer...
14:55:06.226: npu: infer rc=0
14:55:06.346: npu w1fc2p1: validate rc=0 infer...
14:55:06.346: npu: infer rc=0
14:55:06.357: npu w1fc1b: validate rc=0 infer...
14:55:06.368: npu: infer rc=0
14:55:06.489: npu w1fc2p1: validate rc=0 infer...
14:55:06.489: npu: infer rc=0
14:55:06.612: npu w1fc1b: validate rc=0 infer...
14:55:06.612: npu: infer rc=0
14:55:06.612: npu w1fc2p1: validate rc=0 infer...
14:55:06.612: npu: infer rc=0
14:55:06.734: npu w1fc1b: validate rc=0 infer...
14:55:06.734: npu: infer rc=0
14:55:06.734: npu w1fc2p1: validate rc=0 infer...
14:55:06.745: npu: infer rc=0
14:55:06.865: npu w1fc1c: validate rc=0 infer...
14:55:06.865: npu: infer rc=0
14:55:06.986: npu w1fc2p2: validate rc=0 infer...
14:55:06.986: npu: infer rc=0
14:55:06.998: npu w1fc1c: validate rc=0 infer...
14:55:07.009: npu: infer rc=0
14:55:07.131: npu w1fc2p2: validate rc=0 infer...
14:55:07.131: npu: infer rc=0
14:55:07.253: npu w1fc1c: validate rc=0 infer...
14:55:07.253: npu: infer rc=0
14:55:07.253: npu w1fc2p2: validate rc=0 infer...
14:55:07.253: npu: infer rc=0
14:55:07.375: npu w1fc1c: validate rc=0 infer...
14:55:07.375: npu: infer rc=0
14:55:07.375: npu w1fc2p2: validate rc=0 infer...
14:55:07.496: npu: infer rc=0
14:55:07.496: npu w1fc1d: validate rc=0 infer...
14:55:07.496: npu: infer rc=0
14:55:07.618: npu w1fc2p3: validate rc=0 infer...
14:55:07.618: npu: infer rc=0
14:55:07.741: npu w1fc1d: validate rc=0 infer...
14:55:07.741: npu: infer rc=0
14:55:07.741: npu w1fc2p3: validate rc=0 infer...
14:55:07.741: npu: infer rc=0
14:55:07.863: npu w1fc1d: validate rc=0 infer...
14:55:07.863: npu: infer rc=0
14:55:07.863: npu w1fc2p3: validate rc=0 infer...
14:55:07.874: npu: infer rc=0
14:55:07.998: npu w1fc1d: validate rc=0 infer...
14:55:07.998: npu: infer rc=0
14:55:08.119: npu w1fc2p3: validate rc=0 infer...
14:55:08.119: npu: infer rc=0
14:55:08.895: npu w2q: validate rc=0 infer...
14:55:08.895: npu: infer rc=0
14:55:09.017: npu w2q: validate rc=0 infer...
14:55:09.028: npu: infer rc=0
14:55:09.258: npu w2q: validate rc=0 infer...
14:55:09.258: npu: infer rc=0
14:55:09.601: npu w2q: validate rc=0 infer...
14:55:09.601: npu: infer rc=0
14:55:09.938: npu w2k: validate rc=0 infer...
14:55:09.938: npu: infer rc=0
14:55:10.059: npu w2k: validate rc=0 infer...
14:55:10.059: npu: infer rc=0
14:55:10.400: npu w2k: validate rc=0 infer...
14:55:10.400: npu: infer rc=0
14:55:10.738: npu w2k: validate rc=0 infer...
14:55:10.738: npu: infer rc=0
14:55:11.081: npu w2v: validate rc=0 infer...
14:55:11.081: npu: infer rc=0
14:55:11.202: npu w2v: validate rc=0 infer...
14:55:11.202: npu: infer rc=0
14:55:11.433: npu w2v: validate rc=0 infer...
14:55:11.433: npu: infer rc=0
14:55:11.770: npu w2v: validate rc=0 infer...
14:55:11.781: npu: infer rc=0
14:55:15.166: npu w2out: validate rc=0 infer...
14:55:15.166: npu: infer rc=0
14:55:15.396: npu w2out: validate rc=0 infer...
14:55:15.520: npu: infer rc=0
14:55:15.520: npu w2out: validate rc=0 infer...
14:55:15.520: npu: infer rc=0
14:55:15.520: npu w2out: validate rc=0 infer...
14:55:15.520: npu: infer rc=0
14:55:16.291: npu w2fc1a: validate rc=0 infer...
14:55:16.291: npu: infer rc=0
14:55:16.412: npu w2fc2p0: validate rc=0 infer...
14:55:16.412: npu: infer rc=0
14:55:16.642: npu w2fc1a: validate rc=0 infer...
14:55:16.642: npu: infer rc=0
14:55:16.763: npu w2fc2p0: validate rc=0 infer...
14:55:16.763: npu: infer rc=0
14:55:16.775: npu w2fc1a: validate rc=0 infer...
14:55:16.786: npu: infer rc=0
14:55:16.907: npu w2fc2p0: validate rc=0 infer...
14:55:16.907: npu: infer rc=0
14:55:17.029: npu w2fc1a: validate rc=0 infer...
14:55:17.029: npu: infer rc=0
14:55:17.029: npu w2fc2p0: validate rc=0 infer...
14:55:17.029: npu: infer rc=0
14:55:17.152: npu w2fc1b: validate rc=0 infer...
14:55:17.152: npu: infer rc=0
14:55:17.152: npu w2fc2p1: validate rc=0 infer...
14:55:17.163: npu: infer rc=0
14:55:17.283: npu w2fc1b: validate rc=0 infer...
14:55:17.283: npu: infer rc=0
14:55:17.405: npu w2fc2p1: validate rc=0 infer...
14:55:17.405: npu: infer rc=0
14:55:17.417: npu w2fc1b: validate rc=0 infer...
14:55:17.461: npu: infer rc=0
14:55:17.490: npu w2fc2p1: validate rc=0 infer...
14:55:17.508: npu: infer rc=0
14:55:17.628: npu w2fc1b: validate rc=0 infer...
14:55:17.628: npu: infer rc=0
14:55:17.640: npu w2fc2p1: validate rc=0 infer...
14:55:17.651: npu: infer rc=0
14:55:17.772: npu w2fc1c: validate rc=0 infer...
14:55:17.772: npu: infer rc=0
14:55:17.892: npu w2fc2p2: validate rc=0 infer...
14:55:17.892: npu: infer rc=0
14:55:17.905: npu w2fc1c: validate rc=0 infer...
14:55:17.916: npu: infer rc=0
14:55:18.037: npu w2fc2p2: validate rc=0 infer...
14:55:18.037: npu: infer rc=0
14:55:18.161: npu w2fc1c: validate rc=0 infer...
14:55:18.161: npu: infer rc=0
14:55:18.161: npu w2fc2p2: validate rc=0 infer...
14:55:18.161: npu: infer rc=0
14:55:18.282: npu w2fc1c: validate rc=0 infer...
14:55:18.282: npu: infer rc=0
14:55:18.282: npu w2fc2p2: validate rc=0 infer...
14:55:18.405: npu: infer rc=0
14:55:18.405: npu w2fc1d: validate rc=0 infer...
14:55:18.405: npu: infer rc=0
14:55:18.527: npu w2fc2p3: validate rc=0 infer...
14:55:18.527: npu: infer rc=0
14:55:18.650: npu w2fc1d: validate rc=0 infer...
14:55:18.650: npu: infer rc=0
14:55:18.650: npu w2fc2p3: validate rc=0 infer...
14:55:18.650: npu: infer rc=0
14:55:18.772: npu w2fc1d: validate rc=0 infer...
14:55:18.772: npu: infer rc=0
14:55:18.772: npu w2fc2p3: validate rc=0 infer...
14:55:18.895: npu: infer rc=0
14:55:18.895: npu w2fc1d: validate rc=0 infer...
14:55:18.895: npu: infer rc=0
14:55:19.015: npu w2fc2p3: validate rc=0 infer...
14:55:19.015: npu: infer rc=0
14:55:19.785: npu w3q: validate rc=0 infer...
14:55:19.796: npu: infer rc=0
14:55:19.916: npu w3q: validate rc=0 infer...
14:55:20.035: npu: infer rc=0
14:55:20.155: npu w3q: validate rc=0 infer...
14:55:20.155: npu: infer rc=0
14:55:20.495: npu w3q: validate rc=0 infer...
14:55:20.495: npu: infer rc=0
14:55:20.832: npu w3k: validate rc=0 infer...
14:55:20.845: npu: infer rc=0
14:55:20.966: npu w3k: validate rc=0 infer...
14:55:20.966: npu: infer rc=0
14:55:21.304: npu w3k: validate rc=0 infer...
14:55:21.304: npu: infer rc=0
14:55:21.641: npu w3k: validate rc=0 infer...
14:55:21.641: npu: infer rc=0
14:55:21.977: npu w3v: validate rc=0 infer...
14:55:21.977: npu: infer rc=0
14:55:22.097: npu w3v: validate rc=0 infer...
14:55:22.097: npu: infer rc=0
14:55:22.437: npu w3v: validate rc=0 infer...
14:55:22.437: npu: infer rc=0
14:55:22.667: npu w3v: validate rc=0 infer...
14:55:22.786: npu: infer rc=0
14:55:26.058: npu w3out: validate rc=0 infer...
14:55:26.058: npu: infer rc=0
14:55:26.398: npu w3out: validate rc=0 infer...
14:55:26.398: npu: infer rc=0
14:55:26.398: npu w3out: validate rc=0 infer...
14:55:26.398: npu: infer rc=0
14:55:26.398: npu w3out: validate rc=0 infer...
14:55:26.398: npu: infer rc=0
14:55:27.172: npu w3fc1a: validate rc=0 infer...
14:55:27.172: npu: infer rc=0
14:55:27.292: npu w3fc2p0: validate rc=0 infer...
14:55:27.292: npu: infer rc=0
14:55:27.523: npu w3fc1a: validate rc=0 infer...
14:55:27.523: npu: infer rc=0
14:55:27.643: npu w3fc2p0: validate rc=0 infer...
14:55:27.643: npu: infer rc=0
14:55:27.766: npu w3fc1a: validate rc=0 infer...
14:55:27.766: npu: infer rc=0
14:55:27.766: npu w3fc2p0: validate rc=0 infer...
14:55:27.766: npu: infer rc=0
14:55:27.888: npu w3fc1a: validate rc=0 infer...
14:55:27.888: npu: infer rc=0
14:55:27.888: npu w3fc2p0: validate rc=0 infer...
14:55:28.008: npu: infer rc=0
14:55:28.008: npu w3fc1b: validate rc=0 infer...
14:55:28.008: npu: infer rc=0
14:55:28.129: npu w3fc2p1: validate rc=0 infer...
14:55:28.129: npu: infer rc=0
14:55:28.252: npu w3fc1b: validate rc=0 infer...
14:55:28.252: npu: infer rc=0
14:55:28.252: npu w3fc2p1: validate rc=0 infer...
14:55:28.252: npu: infer rc=0
14:55:28.374: npu w3fc1b: validate rc=0 infer...
14:55:28.374: npu: infer rc=0
14:55:28.385: npu w3fc2p1: validate rc=0 infer...
14:55:28.397: npu: infer rc=0
14:55:28.519: npu w3fc1b: validate rc=0 infer...
14:55:28.519: npu: infer rc=0
14:55:28.531: npu w3fc2p1: validate rc=0 infer...
14:55:28.652: npu: infer rc=0
14:55:28.652: npu w3fc1c: validate rc=0 infer...
14:55:28.652: npu: infer rc=0
14:55:28.774: npu w3fc2p2: validate rc=0 infer...
14:55:28.774: npu: infer rc=0
14:55:28.896: npu w3fc1c: validate rc=0 infer...
14:55:28.896: npu: infer rc=0
14:55:28.896: npu w3fc2p2: validate rc=0 infer...
14:55:28.896: npu: infer rc=0
14:55:29.018: npu w3fc1c: validate rc=0 infer...
14:55:29.018: npu: infer rc=0
14:55:29.029: npu w3fc2p2: validate rc=0 infer...
14:55:29.040: npu: infer rc=0
14:55:29.160: npu w3fc1c: validate rc=0 infer...
14:55:29.160: npu: infer rc=0
14:55:29.282: npu w3fc2p2: validate rc=0 infer...
14:55:29.282: npu: infer rc=0
14:55:29.282: npu w3fc1d: validate rc=0 infer...
14:55:29.282: npu: infer rc=0
14:55:29.402: npu w3fc2p3: validate rc=0 infer...
14:55:29.402: npu: infer rc=0
14:55:29.526: npu w3fc1d: validate rc=0 infer...
14:55:29.526: npu: infer rc=0
14:55:29.526: npu w3fc2p3: validate rc=0 infer...
14:55:29.537: npu: infer rc=0
14:55:29.658: npu w3fc1d: validate rc=0 infer...
14:55:29.658: npu: infer rc=0
14:55:29.669: npu w3fc2p3: validate rc=0 infer...
14:55:29.680: npu: infer rc=0
14:55:29.802: npu w3fc1d: validate rc=0 infer...
14:55:29.802: npu: infer rc=0
14:55:29.923: npu w3fc2p3: validate rc=0 infer...
14:55:29.923: npu: infer rc=0
14:55:30.919: sd[encoder]: rd 35060 KB / 10459 ms, wr 6336 KB / 19083 ms
14:55:30.919: cross K/V...
14:55:30.919: npu d0xk: validate rc=0 infer...
14:55:30.919: npu: infer rc=0
14:55:31.039: npu d0xk: validate rc=0 infer...
14:55:31.039: npu: infer rc=0
14:55:31.378: npu d0xk: validate rc=0 infer...
14:55:31.378: npu: infer rc=0
14:55:31.717: npu d0xk: validate rc=0 infer...
14:55:31.717: npu: infer rc=0
14:55:32.167: npu d0xv: validate rc=0 infer...
14:55:32.167: npu: infer rc=0
14:55:32.167: npu d0xv: validate rc=0 infer...
14:55:32.178: npu: infer rc=0
14:55:32.516: npu d0xv: validate rc=0 infer...
14:55:32.516: npu: infer rc=0
14:55:32.853: npu d0xv: validate rc=0 infer...
14:55:32.853: npu: infer rc=0
14:55:33.304: npu d1xk: validate rc=0 infer...
14:55:33.304: npu: infer rc=0
14:55:33.316: npu d1xk: validate rc=0 infer...
14:55:33.327: npu: infer rc=0
14:55:33.667: npu d1xk: validate rc=0 infer...
14:55:33.667: npu: infer rc=0
14:55:34.006: npu d1xk: validate rc=0 infer...
14:55:34.006: npu: infer rc=0
14:55:34.454: npu d1xv: validate rc=0 infer...
14:55:34.454: npu: infer rc=0
14:55:34.792: npu d1xv: validate rc=0 infer...
14:55:34.792: npu: infer rc=0
14:55:35.348: npu d1xv: validate rc=0 infer...
14:55:35.348: npu: infer rc=0
14:55:36.016: npu d1xv: validate rc=0 infer...
14:55:36.016: npu: infer rc=0
14:55:36.684: npu d2xk: validate rc=0 infer...
14:55:36.684: npu: infer rc=0
14:55:36.806: npu d2xk: validate rc=0 infer...
14:55:36.806: npu: infer rc=0
14:55:37.148: npu d2xk: validate rc=0 infer...
14:55:37.148: npu: infer rc=0
14:55:37.488: npu d2xk: validate rc=0 infer...
14:55:37.488: npu: infer rc=0
14:55:37.828: npu d2xv: validate rc=0 infer...
14:55:37.828: npu: infer rc=0
14:55:37.948: npu d2xv: validate rc=0 infer...
14:55:37.948: npu: infer rc=0
14:55:38.288: npu d2xv: validate rc=0 infer...
14:55:38.288: npu: infer rc=0
14:55:38.624: npu d2xv: validate rc=0 infer...
14:55:38.624: npu: infer rc=0
14:55:38.963: npu d3xk: validate rc=0 infer...
14:55:38.963: npu: infer rc=0
14:55:39.084: npu d3xk: validate rc=0 infer...
14:55:39.084: npu: infer rc=0
14:55:39.423: npu d3xk: validate rc=0 infer...
14:55:39.423: npu: infer rc=0
14:55:39.765: npu d3xk: validate rc=0 infer...
14:55:39.765: npu: infer rc=0
14:55:40.105: npu d3xv: validate rc=0 infer...
14:55:40.115: npu: infer rc=0
14:55:40.236: npu d3xv: validate rc=0 infer...
14:55:40.236: npu: infer rc=0
14:55:40.576: npu d3xv: validate rc=0 infer...
14:55:40.576: npu: infer rc=0
14:55:41.134: npu d3xv: validate rc=0 infer...
14:55:41.145: npu: infer rc=0
14:55:41.485: sd[cross]: rd 2068 KB / 618 ms, wr 768 KB / 9111 ms
14:55:41.485: decoding...
14:55:41.609: npu d0q: validate rc=0 infer...
14:55:41.609: npu: infer rc=0
14:55:41.609: npu d0k: validate rc=0 infer...
14:55:41.609: npu: infer rc=0
14:55:41.731: npu d0v: validate rc=0 infer...
14:55:41.731: npu: infer rc=0
14:55:41.731: npu d0out: validate rc=0 infer...
14:55:41.731: npu: infer rc=0
14:55:41.742: npu d0xq: validate rc=0 infer...
14:55:41.742: npu: infer rc=0
14:55:41.975: npu d0xout: validate rc=0 infer...
14:55:41.975: npu: infer rc=0
14:55:41.975: npu d0fc1a: validate rc=0 infer...
14:55:41.975: npu: infer rc=0
14:55:41.987: npu d0fc2p0: validate rc=0 infer...
14:55:41.987: npu: infer rc=0
14:55:42.109: npu d0fc1b: validate rc=0 infer...
14:55:42.109: npu: infer rc=0
14:55:42.109: npu d0fc2p1: validate rc=0 infer...
14:55:42.109: npu: infer rc=0
14:55:42.232: npu d0fc1c: validate rc=0 infer...
14:55:42.232: npu: infer rc=0
14:55:42.232: npu d0fc2p2: validate rc=0 infer...
14:55:42.232: npu: infer rc=0
14:55:42.244: npu d0fc1d: validate rc=0 infer...
14:55:42.244: npu: infer rc=0
14:55:42.366: npu d0fc2p3: validate rc=0 infer...
14:55:42.366: npu: infer rc=0
14:55:42.366: npu d1q: validate rc=0 infer...
14:55:42.366: npu: infer rc=0
14:55:42.491: npu d1k: validate rc=0 infer...
14:55:42.491: npu: infer rc=0
14:55:42.491: npu d1v: validate rc=0 infer...
14:55:42.491: npu: infer rc=0
14:55:42.491: npu d1out: validate rc=0 infer...
14:55:42.491: npu: infer rc=0
14:55:42.613: npu d1xq: validate rc=0 infer...
14:55:42.613: npu: infer rc=0
14:55:42.733: npu d1xout: validate rc=0 infer...
14:55:42.733: npu: infer rc=0
14:55:42.745: npu d1fc1a: validate rc=0 infer...
14:55:42.745: npu: infer rc=0
14:55:42.867: npu d1fc2p0: validate rc=0 infer...
14:55:42.867: npu: infer rc=0
14:55:42.867: npu d1fc1b: validate rc=0 infer...
14:55:42.867: npu: infer rc=0
14:55:42.992: npu d1fc2p1: validate rc=0 infer...
14:55:42.992: npu: infer rc=0
14:55:42.992: npu d1fc1c: validate rc=0 infer...
14:55:42.992: npu: infer rc=0
14:55:43.005: npu d1fc2p2: validate rc=0 infer...
14:55:43.005: npu: infer rc=0
14:55:43.128: npu d1fc1d: validate rc=0 infer...
14:55:43.128: npu: infer rc=0
14:55:43.128: npu d1fc2p3: validate rc=0 infer...
14:55:43.128: npu: infer rc=0
14:55:43.249: npu d2q: validate rc=0 infer...
14:55:43.249: npu: infer rc=0
14:55:43.249: npu d2k: validate rc=0 infer...
14:55:43.249: npu: infer rc=0
14:55:43.262: npu d2v: validate rc=0 infer...
14:55:43.262: npu: infer rc=0
14:55:43.386: npu d2out: validate rc=0 infer...
14:55:43.386: npu: infer rc=0
14:55:43.386: npu d2xq: validate rc=0 infer...
14:55:43.386: npu: infer rc=0
14:55:43.506: npu d2xout: validate rc=0 infer...
14:55:43.506: npu: infer rc=0
14:55:43.630: npu d2fc1a: validate rc=0 infer...
14:55:43.630: npu: infer rc=0
14:55:43.630: npu d2fc2p0: validate rc=0 infer...
14:55:43.630: npu: infer rc=0
14:55:43.753: npu d2fc1b: validate rc=0 infer...
14:55:43.753: npu: infer rc=0
14:55:43.753: npu d2fc2p1: validate rc=0 infer...
14:55:43.753: npu: infer rc=0
14:55:43.765: npu d2fc1c: validate rc=0 infer...
14:55:43.765: npu: infer rc=0
14:55:43.887: npu d2fc2p2: validate rc=0 infer...
14:55:43.887: npu: infer rc=0
14:55:43.887: npu d2fc1d: validate rc=0 infer...
14:55:43.887: npu: infer rc=0
14:55:44.013: npu d2fc2p3: validate rc=0 infer...
14:55:44.013: npu: infer rc=0
14:55:44.013: npu d3q: validate rc=0 infer...
14:55:44.013: npu: infer rc=0
14:55:44.013: npu d3k: validate rc=0 infer...
14:55:44.013: npu: infer rc=0
14:55:44.136: npu d3v: validate rc=0 infer...
14:55:44.136: npu: infer rc=0
14:55:44.136: npu d3out: validate rc=0 infer...
14:55:44.136: npu: infer rc=0
14:55:44.258: npu d3xq: validate rc=0 infer...
14:55:44.258: npu: infer rc=0
14:55:44.382: npu d3xout: validate rc=0 infer...
14:55:44.382: npu: infer rc=0
14:55:44.382: npu d3fc1a: validate rc=0 infer...
14:55:44.382: npu: infer rc=0
14:55:44.506: npu d3fc2p0: validate rc=0 infer...
14:55:44.506: npu: infer rc=0
14:55:44.506: npu d3fc1b: validate rc=0 infer...
14:55:44.506: npu: infer rc=0
14:55:44.518: npu d3fc2p1: validate rc=0 infer...
14:55:44.518: npu: infer rc=0
14:55:44.641: npu d3fc1c: validate rc=0 infer...
14:55:44.641: npu: infer rc=0
14:55:44.641: npu d3fc2p2: validate rc=0 infer...
14:55:44.641: npu: infer rc=0
14:55:44.763: npu d3fc1d: validate rc=0 infer...
14:55:44.763: npu: infer rc=0
14:55:44.763: npu d3fc2p3: validate rc=0 infer...
14:55:44.763: npu: infer rc=0
14:55:44.775: npu d0q: validate rc=0 infer...
14:55:44.775: npu: infer rc=0
14:55:44.897: npu d0k: validate rc=0 infer...
14:55:44.897: npu: infer rc=0
14:55:44.897: npu d0v: validate rc=0 infer...
14:55:44.897: npu: infer rc=0
14:55:44.909: npu d0out: validate rc=0 infer...
14:55:44.909: npu: infer rc=0
14:55:45.029: npu d0xq: validate rc=0 infer...
14:55:45.029: npu: infer rc=0
14:55:45.151: npu d0xout: validate rc=0 infer...
14:55:45.151: npu: infer rc=0
14:55:45.151: npu d0fc1a: validate rc=0 infer...
14:55:45.151: npu: infer rc=0
14:55:45.277: npu d0fc2p0: validate rc=0 infer...
14:55:45.277: npu: infer rc=0
14:55:45.277: npu d0fc1b: validate rc=0 infer...
14:55:45.277: npu: infer rc=0
14:55:45.277: npu d0fc2p1: validate rc=0 infer...
14:55:45.277: npu: infer rc=0
14:55:45.403: npu d0fc1c: validate rc=0 infer...
14:55:45.403: npu: infer rc=0
14:55:45.403: npu d0fc2p2: validate rc=0 infer...
14:55:45.403: npu: infer rc=0
14:55:45.403: npu d0fc1d: validate rc=0 infer...
14:55:45.403: npu: infer rc=0
14:55:45.528: npu d0fc2p3: validate rc=0 infer...
14:55:45.528: npu: infer rc=0
14:55:45.528: npu d1q: validate rc=0 infer...
14:55:45.528: npu: infer rc=0
14:55:45.528: npu d1k: validate rc=0 infer...
14:55:45.528: npu: infer rc=0
14:55:45.652: npu d1v: validate rc=0 infer...
14:55:45.652: npu: infer rc=0
14:55:45.652: npu d1out: validate rc=0 infer...
14:55:45.652: npu: infer rc=0
14:55:45.664: npu d1xq: validate rc=0 infer...
14:55:45.664: npu: infer rc=0
14:55:45.897: npu d1xout: validate rc=0 infer...
14:55:45.897: npu: infer rc=0
14:55:45.897: npu d1fc1a: validate rc=0 infer...
14:55:45.897: npu: infer rc=0
14:55:45.897: npu d1fc2p0: validate rc=0 infer...
14:55:45.897: npu: infer rc=0
14:55:46.022: npu d1fc1b: validate rc=0 infer...
14:55:46.022: npu: infer rc=0
14:55:46.022: npu d1fc2p1: validate rc=0 infer...
14:55:46.022: npu: infer rc=0
14:55:46.022: npu d1fc1c: validate rc=0 infer...
14:55:46.022: npu: infer rc=0
14:55:46.145: npu d1fc2p2: validate rc=0 infer...
14:55:46.145: npu: infer rc=0
14:55:46.145: npu d1fc1d: validate rc=0 infer...
14:55:46.145: npu: infer rc=0
14:55:46.157: npu d1fc2p3: validate rc=0 infer...
14:55:46.157: npu: infer rc=0
14:55:46.282: npu d2q: validate rc=0 infer...
14:55:46.282: npu: infer rc=0
14:55:46.282: npu d2k: validate rc=0 infer...
14:55:46.282: npu: infer rc=0
14:55:46.282: npu d2v: validate rc=0 infer...
14:55:46.282: npu: infer rc=0
14:55:46.405: npu d2out: validate rc=0 infer...
14:55:46.405: npu: infer rc=0
14:55:46.405: npu d2xq: validate rc=0 infer...
14:55:46.405: npu: infer rc=0
14:55:46.528: npu d2xout: validate rc=0 infer...
14:55:46.528: npu: infer rc=0
14:55:46.653: npu d2fc1a: validate rc=0 infer...
14:55:46.653: npu: infer rc=0
14:55:46.653: npu d2fc2p0: validate rc=0 infer...
14:55:46.653: npu: infer rc=0
14:55:46.653: npu d2fc1b: validate rc=0 infer...
14:55:46.653: npu: infer rc=0
14:55:46.777: npu d2fc2p1: validate rc=0 infer...
14:55:46.777: npu: infer rc=0
14:55:46.777: npu d2fc1c: validate rc=0 infer...
14:55:46.777: npu: infer rc=0
14:55:46.777: npu d2fc2p2: validate rc=0 infer...
14:55:46.777: npu: infer rc=0
14:55:46.899: npu d2fc1d: validate rc=0 infer...
14:55:46.899: npu: infer rc=0
14:55:46.899: npu d2fc2p3: validate rc=0 infer...
14:55:46.899: npu: infer rc=0
14:55:46.911: npu d3q: validate rc=0 infer...
14:55:46.911: npu: infer rc=0
14:55:47.036: npu d3k: validate rc=0 infer...
14:55:47.036: npu: infer rc=0
14:55:47.036: npu d3v: validate rc=0 infer...
14:55:47.036: npu: infer rc=0
14:55:47.036: npu d3out: validate rc=0 infer...
14:55:47.036: npu: infer rc=0
14:55:47.157: npu d3xq: validate rc=0 infer...
14:55:47.157: npu: infer rc=0
14:55:47.280: npu d3xout: validate rc=0 infer...
14:55:47.280: npu: infer rc=0
14:55:47.280: npu d3fc1a: validate rc=0 infer...
14:55:47.280: npu: infer rc=0
14:55:47.405: npu d3fc2p0: validate rc=0 infer...
14:55:47.405: npu: infer rc=0
14:55:47.405: npu d3fc1b: validate rc=0 infer...
14:55:47.405: npu: infer rc=0
14:55:47.405: npu d3fc2p1: validate rc=0 infer...
14:55:47.405: npu: infer rc=0
14:55:47.532: npu d3fc1c: validate rc=0 infer...
14:55:47.532: npu: infer rc=0
14:55:47.532: npu d3fc2p2: validate rc=0 infer...
14:55:47.532: npu: infer rc=0
14:55:47.532: npu d3fc1d: validate rc=0 infer...
14:55:47.532: npu: infer rc=0
14:55:47.653: npu d3fc2p3: validate rc=0 infer...
14:55:47.653: npu: infer rc=0
14:55:49.843:  Pittnpu d0q: validate rc=0 infer...
14:55:49.854: npu: infer rc=0
14:55:49.976: npu d0k: validate rc=0 infer...
14:55:49.976: npu: infer rc=0
14:55:49.976: npu d0v: validate rc=0 infer...
14:55:49.976: npu: infer rc=0
14:55:49.988: npu d0out: validate rc=0 infer...
14:55:49.988: npu: infer rc=0
14:55:50.108: npu d0xq: validate rc=0 infer...
14:55:50.108: npu: infer rc=0
14:55:50.232: npu d0xout: validate rc=0 infer...
14:55:50.232: npu: infer rc=0
14:55:50.232: npu d0fc1a: validate rc=0 infer...
14:55:50.232: npu: infer rc=0
14:55:50.356: npu d0fc2p0: validate rc=0 infer...
14:55:50.356: npu: infer rc=0
14:55:50.356: npu d0fc1b: validate rc=0 infer...
14:55:50.356: npu: infer rc=0
14:55:50.356: npu d0fc2p1: validate rc=0 infer...
14:55:50.356: npu: infer rc=0
14:55:50.481: npu d0fc1c: validate rc=0 infer...
14:55:50.481: npu: infer rc=0
14:55:50.481: npu d0fc2p2: validate rc=0 infer...
14:55:50.481: npu: infer rc=0
14:55:50.481: npu d0fc1d: validate rc=0 infer...
14:55:50.481: npu: infer rc=0
14:55:50.605: npu d0fc2p3: validate rc=0 infer...
14:55:50.605: npu: infer rc=0
14:55:50.605: npu d1q: validate rc=0 infer...
14:55:50.605: npu: infer rc=0
14:55:50.617: npu d1k: validate rc=0 infer...
14:55:50.617: npu: infer rc=0
14:55:50.741: npu d1v: validate rc=0 infer...
14:55:50.741: npu: infer rc=0
14:55:50.741: npu d1out: validate rc=0 infer...
14:55:50.741: npu: infer rc=0
14:55:50.741: npu d1xq: validate rc=0 infer...
14:55:50.741: npu: infer rc=0
14:55:50.975: npu d1xout: validate rc=0 infer...
14:55:50.975: npu: infer rc=0
14:55:50.975: npu d1fc1a: validate rc=0 infer...
14:55:50.975: npu: infer rc=0
14:55:50.975: npu d1fc2p0: validate rc=0 infer...
14:55:50.975: npu: infer rc=0
14:55:51.098: npu d1fc1b: validate rc=0 infer...
14:55:51.098: npu: infer rc=0
14:55:51.098: npu d1fc2p1: validate rc=0 infer...
14:55:51.098: npu: infer rc=0
14:55:51.110: npu d1fc1c: validate rc=0 infer...
14:55:51.110: npu: infer rc=0
14:55:51.234: npu d1fc2p2: validate rc=0 infer...
14:55:51.234: npu: infer rc=0
14:55:51.234: npu d1fc1d: validate rc=0 infer...
14:55:51.234: npu: infer rc=0
14:55:51.234: npu d1fc2p3: validate rc=0 infer...
14:55:51.234: npu: infer rc=0
14:55:51.357: npu d2q: validate rc=0 infer...
14:55:51.357: npu: infer rc=0
14:55:51.357: npu d2k: validate rc=0 infer...
14:55:51.357: npu: infer rc=0
14:55:51.368: npu d2v: validate rc=0 infer...
14:55:51.368: npu: infer rc=0
14:55:51.492: npu d2out: validate rc=0 infer...
14:55:51.492: npu: infer rc=0
14:55:51.492: npu d2xq: validate rc=0 infer...
14:55:51.492: npu: infer rc=0
14:55:51.613: npu d2xout: validate rc=0 infer...
14:55:51.613: npu: infer rc=0
14:55:51.738: npu d2fc1a: validate rc=0 infer...
14:55:51.738: npu: infer rc=0
14:55:51.738: npu d2fc2p0: validate rc=0 infer...
14:55:51.738: npu: infer rc=0
14:55:51.738: npu d2fc1b: validate rc=0 infer...
14:55:51.738: npu: infer rc=0
14:55:51.863: npu d2fc2p1: validate rc=0 infer...
14:55:51.863: npu: infer rc=0
14:55:51.863: npu d2fc1c: validate rc=0 infer...
14:55:51.863: npu: infer rc=0
14:55:51.863: npu d2fc2p2: validate rc=0 infer...
14:55:51.863: npu: infer rc=0
14:55:51.990: npu d2fc1d: validate rc=0 infer...
14:55:51.990: npu: infer rc=0
14:55:51.990: npu d2fc2p3: validate rc=0 infer...
14:55:51.990: npu: infer rc=0
14:55:51.990: npu d3q: validate rc=0 infer...
14:55:51.990: npu: infer rc=0
14:55:52.111: npu d3k: validate rc=0 infer...
14:55:52.111: npu: infer rc=0
14:55:52.111: npu d3v: validate rc=0 infer...
14:55:52.111: npu: infer rc=0
14:55:52.123: npu d3out: validate rc=0 infer...
14:55:52.123: npu: infer rc=0
14:55:52.244: npu d3xq: validate rc=0 infer...
14:55:52.244: npu: infer rc=0
14:55:52.367: npu d3xout: validate rc=0 infer...
14:55:52.367: npu: infer rc=0
14:55:52.367: npu d3fc1a: validate rc=0 infer...
14:55:52.367: npu: infer rc=0
14:55:52.493: npu d3fc2p0: validate rc=0 infer...
14:55:52.493: npu: infer rc=0
14:55:52.493: npu d3fc1b: validate rc=0 infer...
14:55:52.493: npu: infer rc=0
14:55:52.493: npu d3fc2p1: validate rc=0 infer...
14:55:52.493: npu: infer rc=0
14:55:52.619: npu d3fc1c: validate rc=0 infer...
14:55:52.619: npu: infer rc=0
14:55:52.619: npu d3fc2p2: validate rc=0 infer...
14:55:52.619: npu: infer rc=0
14:55:52.619: npu d3fc1d: validate rc=0 infer...
14:55:52.619: npu: infer rc=0
14:55:52.740: npu d3fc2p3: validate rc=0 infer...
14:55:52.740: npu: infer rc=0
14:55:54.939:  Pittnpu d0q: validate rc=0 infer...
14:55:54.939: npu: infer rc=0
14:55:55.064: npu d0k: validate rc=0 infer...
14:55:55.064: npu: infer rc=0
14:55:55.064: npu d0v: validate rc=0 infer...
14:55:55.064: npu: infer rc=0
14:55:55.064: npu d0out: validate rc=0 infer...
14:55:55.075: npu: infer rc=0
14:55:55.195: npu d0xq: validate rc=0 infer...
14:55:55.195: npu: infer rc=0
14:55:55.317: npu d0xout: validate rc=0 infer...
14:55:55.317: npu: infer rc=0
14:55:55.317: npu d0fc1a: validate rc=0 infer...
14:55:55.317: npu: infer rc=0
14:55:55.444: npu d0fc2p0: validate rc=0 infer...
14:55:55.444: npu: infer rc=0
14:55:55.444: npu d0fc1b: validate rc=0 infer...
14:55:55.444: npu: infer rc=0
14:55:55.444: npu d0fc2p1: validate rc=0 infer...
14:55:55.444: npu: infer rc=0
14:55:55.570: npu d0fc1c: validate rc=0 infer...
14:55:55.570: npu: infer rc=0
14:55:55.570: npu d0fc2p2: validate rc=0 infer...
14:55:55.570: npu: infer rc=0
14:55:55.570: npu d0fc1d: validate rc=0 infer...
14:55:55.570: npu: infer rc=0
14:55:55.696: npu d0fc2p3: validate rc=0 infer...
14:55:55.696: npu: infer rc=0
14:55:55.696: npu d1q: validate rc=0 infer...
14:55:55.696: npu: infer rc=0
14:55:55.696: npu d1k: validate rc=0 infer...
14:55:55.696: npu: infer rc=0
14:55:55.820: npu d1v: validate rc=0 infer...
14:55:55.820: npu: infer rc=0
14:55:55.820: npu d1out: validate rc=0 infer...
14:55:55.820: npu: infer rc=0
14:55:55.820: npu d1xq: validate rc=0 infer...
14:55:55.830: npu: infer rc=0
14:55:56.065: npu d1xout: validate rc=0 infer...
14:55:56.065: npu: infer rc=0
14:55:56.065: npu d1fc1a: validate rc=0 infer...
14:55:56.065: npu: infer rc=0
14:55:56.065: npu d1fc2p0: validate rc=0 infer...
14:55:56.065: npu: infer rc=0
14:55:56.193: npu d1fc1b: validate rc=0 infer...
14:55:56.193: npu: infer rc=0
14:55:56.193: npu d1fc2p1: validate rc=0 infer...
14:55:56.193: npu: infer rc=0
14:55:56.193: npu d1fc1c: validate rc=0 infer...
14:55:56.193: npu: infer rc=0
14:55:56.317: npu d1fc2p2: validate rc=0 infer...
14:55:56.317: npu: infer rc=0
14:55:56.317: npu d1fc1d: validate rc=0 infer...
14:55:56.317: npu: infer rc=0
14:55:56.317: npu d1fc2p3: validate rc=0 infer...
14:55:56.317: npu: infer rc=0
14:55:56.439: npu d2q: validate rc=0 infer...
14:55:56.439: npu: infer rc=0
14:55:56.439: npu d2k: validate rc=0 infer...
14:55:56.439: npu: infer rc=0
14:55:56.451: npu d2v: validate rc=0 infer...
14:55:56.451: npu: infer rc=0
14:55:56.574: npu d2out: validate rc=0 infer...
14:55:56.574: npu: infer rc=0
14:55:56.574: npu d2xq: validate rc=0 infer...
14:55:56.574: npu: infer rc=0
14:55:56.694: npu d2xout: validate rc=0 infer...
14:55:56.694: npu: infer rc=0
14:55:56.820: npu d2fc1a: validate rc=0 infer...
14:55:56.820: npu: infer rc=0
14:55:56.820: npu d2fc2p0: validate rc=0 infer...
14:55:56.820: npu: infer rc=0
14:55:56.820: npu d2fc1b: validate rc=0 infer...
14:55:56.820: npu: infer rc=0
14:55:56.943: npu d2fc2p1: validate rc=0 infer...
14:55:56.943: npu: infer rc=0
14:55:56.943: npu d2fc1c: validate rc=0 infer...
14:55:56.943: npu: infer rc=0
14:55:56.943: npu d2fc2p2: validate rc=0 infer...
14:55:56.943: npu: infer rc=0
14:55:57.066: npu d2fc1d: validate rc=0 infer...
14:55:57.066: npu: infer rc=0
14:55:57.066: npu d2fc2p3: validate rc=0 infer...
14:55:57.066: npu: infer rc=0
14:55:57.078: npu d3q: validate rc=0 infer...
14:55:57.078: npu: infer rc=0
14:55:57.201: npu d3k: validate rc=0 infer...
14:55:57.201: npu: infer rc=0
14:55:57.201: npu d3v: validate rc=0 infer...
14:55:57.201: npu: infer rc=0
14:55:57.201: npu d3out: validate rc=0 infer...
14:55:57.201: npu: infer rc=0
14:55:57.321: npu d3xq: validate rc=0 infer...
14:55:57.321: npu: infer rc=0
14:55:57.444: npu d3xout: validate rc=0 infer...
14:55:57.444: npu: infer rc=0
14:55:57.444: npu d3fc1a: validate rc=0 infer...
14:55:57.444: npu: infer rc=0
14:55:57.569: npu d3fc2p0: validate rc=0 infer...
14:55:57.569: npu: infer rc=0
14:55:57.569: npu d3fc1b: validate rc=0 infer...
14:55:57.569: npu: infer rc=0
14:55:57.569: npu d3fc2p1: validate rc=0 infer...
14:55:57.569: npu: infer rc=0
14:55:57.693: npu d3fc1c: validate rc=0 infer...
14:55:57.693: npu: infer rc=0
14:55:57.693: npu d3fc2p2: validate rc=0 infer...
14:55:57.693: npu: infer rc=0
14:55:57.693: npu d3fc1d: validate rc=0 infer...
14:55:57.693: npu: infer rc=0
14:55:57.813: npu d3fc2p3: validate rc=0 infer...
14:55:57.813: npu: infer rc=0
14:55:59.996:  Pittnpu d0q: validate rc=0 infer...
14:56:00.120: npu: infer rc=0
14:56:00.120: npu d0k: validate rc=0 infer...
14:56:00.120: npu: infer rc=0
14:56:00.120: npu d0v: validate rc=0 infer...
14:56:00.120: npu: infer rc=0
14:56:00.243: npu d0out: validate rc=0 infer...
14:56:00.243: npu: infer rc=0
14:56:00.243: npu d0xq: validate rc=0 infer...
14:56:00.243: npu: infer rc=0
14:56:00.363: npu d0xout: validate rc=0 infer...
14:56:00.363: npu: infer rc=0
14:56:00.376: npu d0fc1a: validate rc=0 infer...
14:56:00.376: npu: infer rc=0
14:56:00.499: npu d0fc2p0: validate rc=0 infer...
14:56:00.499: npu: infer rc=0
14:56:00.499: npu d0fc1b: validate rc=0 infer...
14:56:00.499: npu: infer rc=0
14:56:00.511: npu d0fc2p1: validate rc=0 infer...
14:56:00.511: npu: infer rc=0
14:56:00.636: npu d0fc1c: validate rc=0 infer...
14:56:00.636: npu: infer rc=0
14:56:00.636: npu d0fc2p2: validate rc=0 infer...
14:56:00.636: npu: infer rc=0
14:56:00.636: npu d0fc1d: validate rc=0 infer...
14:56:00.647: npu: infer rc=0
14:56:00.772: npu d0fc2p3: validate rc=0 infer...
14:56:00.772: npu: infer rc=0
14:56:00.772: npu d1q: validate rc=0 infer...
14:56:00.772: npu: infer rc=0
14:56:00.772: npu d1k: validate rc=0 infer...
14:56:00.772: npu: infer rc=0
14:56:00.894: npu d1v: validate rc=0 infer...
14:56:00.894: npu: infer rc=0
14:56:00.894: npu d1out: validate rc=0 infer...
14:56:00.894: npu: infer rc=0
14:56:00.906: npu d1xq: validate rc=0 infer...
14:56:00.906: npu: infer rc=0
14:56:01.138: npu d1xout: validate rc=0 infer...
14:56:01.138: npu: infer rc=0
14:56:01.138: npu d1fc1a: validate rc=0 infer...
14:56:01.138: npu: infer rc=0
14:56:01.138: npu d1fc2p0: validate rc=0 infer...
14:56:01.138: npu: infer rc=0
14:56:01.260: npu d1fc1b: validate rc=0 infer...
14:56:01.260: npu: infer rc=0
14:56:01.260: npu d1fc2p1: validate rc=0 infer...
14:56:01.260: npu: infer rc=0
14:56:01.272: npu d1fc1c: validate rc=0 infer...
14:56:01.272: npu: infer rc=0
14:56:01.397: npu d1fc2p2: validate rc=0 infer...
14:56:01.397: npu: infer rc=0
14:56:01.397: npu d1fc1d: validate rc=0 infer...
14:56:01.397: npu: infer rc=0
14:56:01.397: npu d1fc2p3: validate rc=0 infer...
14:56:01.397: npu: infer rc=0
14:56:01.520: npu d2q: validate rc=0 infer...
14:56:01.520: npu: infer rc=0
14:56:01.520: npu d2k: validate rc=0 infer...
14:56:01.520: npu: infer rc=0
14:56:01.532: npu d2v: validate rc=0 infer...
14:56:01.532: npu: infer rc=0
14:56:01.656: npu d2out: validate rc=0 infer...
14:56:01.656: npu: infer rc=0
14:56:01.656: npu d2xq: validate rc=0 infer...
14:56:01.656: npu: infer rc=0
14:56:01.776: npu d2xout: validate rc=0 infer...
14:56:01.776: npu: infer rc=0
14:56:01.901: npu d2fc1a: validate rc=0 infer...
14:56:01.901: npu: infer rc=0
14:56:01.901: npu d2fc2p0: validate rc=0 infer...
14:56:01.901: npu: infer rc=0
14:56:01.901: npu d2fc1b: validate rc=0 infer...
14:56:01.901: npu: infer rc=0
14:56:02.025: npu d2fc2p1: validate rc=0 infer...
14:56:02.025: npu: infer rc=0
14:56:02.025: npu d2fc1c: validate rc=0 infer...
14:56:02.025: npu: infer rc=0
14:56:02.025: npu d2fc2p2: validate rc=0 infer...
14:56:02.025: npu: infer rc=0
14:56:02.147: npu d2fc1d: validate rc=0 infer...
14:56:02.147: npu: infer rc=0
14:56:02.147: npu d2fc2p3: validate rc=0 infer...
14:56:02.147: npu: infer rc=0
14:56:02.159: npu d3q: validate rc=0 infer...
14:56:02.159: npu: infer rc=0
14:56:02.284: npu d3k: validate rc=0 infer...
14:56:02.284: npu: infer rc=0
14:56:02.284: npu d3v: validate rc=0 infer...
14:56:02.284: npu: infer rc=0
14:56:02.284: npu d3out: validate rc=0 infer...
14:56:02.284: npu: infer rc=0
14:56:02.404: npu d3xq: validate rc=0 infer...
14:56:02.404: npu: infer rc=0
14:56:02.527: npu d3xout: validate rc=0 infer...
14:56:02.527: npu: infer rc=0
14:56:02.527: npu d3fc1a: validate rc=0 infer...
14:56:02.527: npu: infer rc=0
14:56:02.653: npu d3fc2p0: validate rc=0 infer...
14:56:02.653: npu: infer rc=0
14:56:02.653: npu d3fc1b: validate rc=0 infer...
14:56:02.653: npu: infer rc=0
14:56:02.653: npu d3fc2p1: validate rc=0 infer...
14:56:02.653: npu: infer rc=0
14:56:02.777: npu d3fc1c: validate rc=0 infer...
14:56:02.777: npu: infer rc=0
14:56:02.777: npu d3fc2p2: validate rc=0 infer...
14:56:02.777: npu: infer rc=0
14:56:02.777: npu d3fc1d: validate rc=0 infer...
14:56:02.777: npu: infer rc=0
14:56:02.897: npu d3fc2p3: validate rc=0 infer...
14:56:02.897: npu: infer rc=0
14:56:05.081:  Pittnpu d0q: validate rc=0 infer...
14:56:05.206: npu: infer rc=0
14:56:05.206: npu d0k: validate rc=0 infer...
14:56:05.206: npu: infer rc=0
14:56:05.206: npu d0v: validate rc=0 infer...
14:56:05.206: npu: infer rc=0
14:56:05.328: npu d0out: validate rc=0 infer...
14:56:05.328: npu: infer rc=0
14:56:05.328: npu d0xq: validate rc=0 infer...
14:56:05.328: npu: infer rc=0
14:56:05.449: npu d0xout: validate rc=0 infer...
14:56:05.449: npu: infer rc=0
14:56:05.462: npu d0fc1a: validate rc=0 infer...
14:56:05.462: npu: infer rc=0
14:56:05.585: npu d0fc2p0: validate rc=0 infer...
14:56:05.585: npu: infer rc=0
14:56:05.585: npu d0fc1b: validate rc=0 infer...
14:56:05.585: npu: infer rc=0
14:56:05.599: npu d0fc2p1: validate rc=0 infer...
14:56:05.599: npu: infer rc=0
14:56:05.723: npu d0fc1c: validate rc=0 infer...
14:56:05.723: npu: infer rc=0
14:56:05.723: npu d0fc2p2: validate rc=0 infer...
14:56:05.723: npu: infer rc=0
14:56:05.723: npu d0fc1d: validate rc=0 infer...
14:56:05.723: npu: infer rc=0
14:56:05.846: npu d0fc2p3: validate rc=0 infer...
14:56:05.846: npu: infer rc=0
14:56:05.846: npu d1q: validate rc=0 infer...
14:56:05.846: npu: infer rc=0
14:56:05.858: npu d1k: validate rc=0 infer...
14:56:05.858: npu: infer rc=0
14:56:05.980: npu d1v: validate rc=0 infer...
14:56:05.980: npu: infer rc=0
14:56:05.980: npu d1out: validate rc=0 infer...
14:56:05.980: npu: infer rc=0
14:56:05.992: npu d1xq: validate rc=0 infer...
14:56:05.992: npu: infer rc=0
14:56:06.225: npu d1xout: validate rc=0 infer...
14:56:06.225: npu: infer rc=0
14:56:06.225: npu d1fc1a: validate rc=0 infer...
14:56:06.225: npu: infer rc=0
14:56:06.225: npu d1fc2p0: validate rc=0 infer...
14:56:06.225: npu: infer rc=0
14:56:06.348: npu d1fc1b: validate rc=0 infer...
14:56:06.348: npu: infer rc=0
14:56:06.348: npu d1fc2p1: validate rc=0 infer...
14:56:06.348: npu: infer rc=0
14:56:06.348: npu d1fc1c: validate rc=0 infer...
14:56:06.348: npu: infer rc=0
14:56:06.470: npu d1fc2p2: validate rc=0 infer...
14:56:06.470: npu: infer rc=0
14:56:06.470: npu d1fc1d: validate rc=0 infer...
14:56:06.470: npu: infer rc=0
14:56:06.482: npu d1fc2p3: validate rc=0 infer...
14:56:06.482: npu: infer rc=0
14:56:06.605: npu d2q: validate rc=0 infer...
14:56:06.605: npu: infer rc=0
14:56:06.605: npu d2k: validate rc=0 infer...
14:56:06.605: npu: infer rc=0
14:56:06.616: npu d2v: validate rc=0 infer...
14:56:06.616: npu: infer rc=0
14:56:06.740: npu d2out: validate rc=0 infer...
14:56:06.740: npu: infer rc=0
14:56:06.740: npu d2xq: validate rc=0 infer...
14:56:06.740: npu: infer rc=0
14:56:06.860: npu d2xout: validate rc=0 infer...
14:56:06.860: npu: infer rc=0
14:56:06.986: npu d2fc1a: validate rc=0 infer...
14:56:06.986: npu: infer rc=0
14:56:06.986: npu d2fc2p0: validate rc=0 infer...
14:56:06.986: npu: infer rc=0
14:56:06.986: npu d2fc1b: validate rc=0 infer...
14:56:06.986: npu: infer rc=0
14:56:07.111: npu d2fc2p1: validate rc=0 infer...
14:56:07.111: npu: infer rc=0
14:56:07.111: npu d2fc1c: validate rc=0 infer...
14:56:07.111: npu: infer rc=0
14:56:07.111: npu d2fc2p2: validate rc=0 infer...
14:56:07.111: npu: infer rc=0
14:56:07.235: npu d2fc1d: validate rc=0 infer...
14:56:07.235: npu: infer rc=0
14:56:07.235: npu d2fc2p3: validate rc=0 infer...
14:56:07.235: npu: infer rc=0
14:56:07.235: npu d3q: validate rc=0 infer...
14:56:07.235: npu: infer rc=0
14:56:07.357: npu d3k: validate rc=0 infer...
14:56:07.357: npu: infer rc=0
14:56:07.357: npu d3v: validate rc=0 infer...
14:56:07.357: npu: infer rc=0
14:56:07.369: npu d3out: validate rc=0 infer...
14:56:07.369: npu: infer rc=0
14:56:07.491: npu d3xq: validate rc=0 infer...
14:56:07.491: npu: infer rc=0
14:56:07.614: npu d3xout: validate rc=0 infer...
14:56:07.614: npu: infer rc=0
14:56:07.614: npu d3fc1a: validate rc=0 infer...
14:56:07.614: npu: infer rc=0
14:56:07.739: npu d3fc2p0: validate rc=0 infer...
14:56:07.739: npu: infer rc=0
14:56:07.739: npu d3fc1b: validate rc=0 infer...
14:56:07.739: npu: infer rc=0
14:56:07.739: npu d3fc2p1: validate rc=0 infer...
14:56:07.739: npu: infer rc=0
14:56:07.863: npu d3fc1c: validate rc=0 infer...
14:56:07.863: npu: infer rc=0
14:56:07.863: npu d3fc2p2: validate rc=0 infer...
14:56:07.863: npu: infer rc=0
14:56:07.863: npu d3fc1d: validate rc=0 infer...
14:56:07.863: npu: infer rc=0
14:56:07.986: npu d3fc2p3: validate rc=0 infer...
14:56:07.986: npu: infer rc=0
14:56:10.176:  Pittnpu d0q: validate rc=0 infer...
14:56:10.188: npu: infer rc=0
14:56:10.311: npu d0k: validate rc=0 infer...
14:56:10.311: npu: infer rc=0
14:56:10.311: npu d0v: validate rc=0 infer...
14:56:10.311: npu: infer rc=0
14:56:10.311: npu d0out: validate rc=0 infer...
14:56:10.322: npu: infer rc=0
14:56:10.442: npu d0xq: validate rc=0 infer...
14:56:10.442: npu: infer rc=0
14:56:10.564: npu d0xout: validate rc=0 infer...
14:56:10.564: npu: infer rc=0
14:56:10.564: npu d0fc1a: validate rc=0 infer...
14:56:10.564: npu: infer rc=0
14:56:10.689: npu d0fc2p0: validate rc=0 infer...
14:56:10.689: npu: infer rc=0
14:56:10.689: npu d0fc1b: validate rc=0 infer...
14:56:10.689: npu: infer rc=0
14:56:10.689: npu d0fc2p1: validate rc=0 infer...
14:56:10.689: npu: infer rc=0
14:56:10.815: npu d0fc1c: validate rc=0 infer...
14:56:10.815: npu: infer rc=0
14:56:10.815: npu d0fc2p2: validate rc=0 infer...
14:56:10.815: npu: infer rc=0
14:56:10.815: npu d0fc1d: validate rc=0 infer...
14:56:10.815: npu: infer rc=0
14:56:10.941: npu d0fc2p3: validate rc=0 infer...
14:56:10.941: npu: infer rc=0
14:56:10.941: npu d1q: validate rc=0 infer...
14:56:10.941: npu: infer rc=0
14:56:10.941: npu d1k: validate rc=0 infer...
14:56:10.941: npu: infer rc=0
14:56:11.065: npu d1v: validate rc=0 infer...
14:56:11.065: npu: infer rc=0
14:56:11.065: npu d1out: validate rc=0 infer...
14:56:11.065: npu: infer rc=0
14:56:11.076: npu d1xq: validate rc=0 infer...
14:56:11.076: npu: infer rc=0
14:56:11.309: npu d1xout: validate rc=0 infer...
14:56:11.309: npu: infer rc=0
14:56:11.309: npu d1fc1a: validate rc=0 infer...
14:56:11.309: npu: infer rc=0
14:56:11.309: npu d1fc2p0: validate rc=0 infer...
14:56:11.309: npu: infer rc=0
14:56:11.434: npu d1fc1b: validate rc=0 infer...
14:56:11.434: npu: infer rc=0
14:56:11.434: npu d1fc2p1: validate rc=0 infer...
14:56:11.434: npu: infer rc=0
14:56:11.434: npu d1fc1c: validate rc=0 infer...
14:56:11.434: npu: infer rc=0
14:56:11.559: npu d1fc2p2: validate rc=0 infer...
14:56:11.559: npu: infer rc=0
14:56:11.559: npu d1fc1d: validate rc=0 infer...
14:56:11.559: npu: infer rc=0
14:56:11.559: npu d1fc2p3: validate rc=0 infer...
14:56:11.569: npu: infer rc=0
14:56:11.694: npu d2q: validate rc=0 infer...
14:56:11.694: npu: infer rc=0
14:56:11.694: npu d2k: validate rc=0 infer...
14:56:11.694: npu: infer rc=0
14:56:11.694: npu d2v: validate rc=0 infer...
14:56:11.694: npu: infer rc=0
14:56:11.818: npu d2out: validate rc=0 infer...
14:56:11.818: npu: infer rc=0
14:56:11.818: npu d2xq: validate rc=0 infer...
14:56:11.818: npu: infer rc=0
14:56:11.938: npu d2xout: validate rc=0 infer...
14:56:11.938: npu: infer rc=0
14:56:12.064: npu d2fc1a: validate rc=0 infer...
14:56:12.064: npu: infer rc=0
14:56:12.064: npu d2fc2p0: validate rc=0 infer...
14:56:12.064: npu: infer rc=0
14:56:12.064: npu d2fc1b: validate rc=0 infer...
14:56:12.064: npu: infer rc=0
14:56:12.189: npu d2fc2p1: validate rc=0 infer...
14:56:12.189: npu: infer rc=0
14:56:12.189: npu d2fc1c: validate rc=0 infer...
14:56:12.189: npu: infer rc=0
14:56:12.189: npu d2fc2p2: validate rc=0 infer...
14:56:12.189: npu: infer rc=0
14:56:12.316: npu d2fc1d: validate rc=0 infer...
14:56:12.316: npu: infer rc=0
14:56:12.316: npu d2fc2p3: validate rc=0 infer...
14:56:12.316: npu: infer rc=0
14:56:12.316: npu d3q: validate rc=0 infer...
14:56:12.326: npu: infer rc=0
14:56:12.451: npu d3k: validate rc=0 infer...
14:56:12.451: npu: infer rc=0
14:56:12.451: npu d3v: validate rc=0 infer...
14:56:12.451: npu: infer rc=0
14:56:12.451: npu d3out: validate rc=0 infer...
14:56:12.451: npu: infer rc=0
14:56:12.572: npu d3xq: validate rc=0 infer...
14:56:12.572: npu: infer rc=0
14:56:12.694: npu d3xout: validate rc=0 infer...
14:56:12.694: npu: infer rc=0
14:56:12.694: npu d3fc1a: validate rc=0 infer...
14:56:12.694: npu: infer rc=0
14:56:12.826: npu d3fc2p0: validate rc=0 infer...
14:56:12.826: npu: infer rc=0
14:56:12.826: npu d3fc1b: validate rc=0 infer...
14:56:12.826: npu: infer rc=0
14:56:12.826: npu d3fc2p1: validate rc=0 infer...
14:56:12.826: npu: infer rc=0
14:56:12.951: npu d3fc1c: validate rc=0 infer...
14:56:12.951: npu: infer rc=0
14:56:12.951: npu d3fc2p2: validate rc=0 infer...
14:56:12.951: npu: infer rc=0
14:56:12.951: npu d3fc1d: validate rc=0 infer...
14:56:12.951: npu: infer rc=0
14:56:13.073: npu d3fc2p3: validate rc=0 infer...
14:56:13.073: npu: infer rc=0
14:56:15.269:  Pittnpu d0q: validate rc=0 infer...
14:56:15.269: npu: infer rc=0
14:56:15.391: npu d0k: validate rc=0 infer...
14:56:15.391: npu: infer rc=0
14:56:15.391: npu d0v: validate rc=0 infer...
14:56:15.391: npu: infer rc=0
14:56:15.403: npu d0out: validate rc=0 infer...
14:56:15.403: npu: infer rc=0
14:56:15.527: npu d0xq: validate rc=0 infer...
14:56:15.527: npu: infer rc=0
14:56:15.651: npu d0xout: validate rc=0 infer...
14:56:15.651: npu: infer rc=0
14:56:15.651: npu d0fc1a: validate rc=0 infer...
14:56:15.651: npu: infer rc=0
14:56:15.776: npu d0fc2p0: validate rc=0 infer...
14:56:15.776: npu: infer rc=0
14:56:15.776: npu d0fc1b: validate rc=0 infer...
14:56:15.776: npu: infer rc=0
14:56:15.776: npu d0fc2p1: validate rc=0 infer...
14:56:15.776: npu: infer rc=0
14:56:15.901: npu d0fc1c: validate rc=0 infer...
14:56:15.901: npu: infer rc=0
14:56:15.901: npu d0fc2p2: validate rc=0 infer...
14:56:15.901: npu: infer rc=0
14:56:15.901: npu d0fc1d: validate rc=0 infer...
14:56:15.901: npu: infer rc=0
14:56:16.030: npu d0fc2p3: validate rc=0 infer...
14:56:16.030: npu: infer rc=0
14:56:16.030: npu d1q: validate rc=0 infer...
14:56:16.030: npu: infer rc=0
14:56:16.030: npu d1k: validate rc=0 infer...
14:56:16.030: npu: infer rc=0
14:56:16.073: npu d1v: validate rc=0 infer...
14:56:16.073: npu: infer rc=0
14:56:16.197: npu d1out: validate rc=0 infer...
14:56:16.197: npu: infer rc=0
14:56:16.197: npu d1xq: validate rc=0 infer...
14:56:16.197: npu: infer rc=0
14:56:16.319: npu d1xout: validate rc=0 infer...
14:56:16.319: npu: infer rc=0
14:56:16.444: npu d1fc1a: validate rc=0 infer...
14:56:16.444: npu: infer rc=0
14:56:16.444: npu d1fc2p0: validate rc=0 infer...
14:56:16.444: npu: infer rc=0
14:56:16.444: npu d1fc1b: validate rc=0 infer...
14:56:16.444: npu: infer rc=0
14:56:16.568: npu d1fc2p1: validate rc=0 infer...
14:56:16.568: npu: infer rc=0
14:56:16.568: npu d1fc1c: validate rc=0 infer...
14:56:16.568: npu: infer rc=0
14:56:16.568: npu d1fc2p2: validate rc=0 infer...
14:56:16.568: npu: infer rc=0
14:56:16.704: npu d1fc1d: validate rc=0 infer...
14:56:16.704: npu: infer rc=0
14:56:16.704: npu d1fc2p3: validate rc=0 infer...
14:56:16.704: npu: infer rc=0
14:56:16.704: npu d2q: validate rc=0 infer...
14:56:16.704: npu: infer rc=0
14:56:16.736: npu d2k: validate rc=0 infer...
14:56:16.736: npu: infer rc=0
14:56:16.858: npu d2v: validate rc=0 infer...
14:56:16.858: npu: infer rc=0
14:56:16.858: npu d2out: validate rc=0 infer...
14:56:16.858: npu: infer rc=0
14:56:16.871: npu d2xq: validate rc=0 infer...
14:56:16.871: npu: infer rc=0
14:56:17.105: npu d2xout: validate rc=0 infer...
14:56:17.105: npu: infer rc=0
14:56:17.105: npu d2fc1a: validate rc=0 infer...
14:56:17.105: npu: infer rc=0
14:56:17.105: npu d2fc2p0: validate rc=0 infer...
14:56:17.105: npu: infer rc=0
14:56:17.230: npu d2fc1b: validate rc=0 infer...
14:56:17.230: npu: infer rc=0
14:56:17.230: npu d2fc2p1: validate rc=0 infer...
14:56:17.230: npu: infer rc=0
14:56:17.230: npu d2fc1c: validate rc=0 infer...
14:56:17.230: npu: infer rc=0
14:56:17.356: npu d2fc2p2: validate rc=0 infer...
14:56:17.356: npu: infer rc=0
14:56:17.356: npu d2fc1d: validate rc=0 infer...
14:56:17.356: npu: infer rc=0
14:56:17.356: npu d2fc2p3: validate rc=0 infer...
14:56:17.356: npu: infer rc=0
14:56:17.478: npu d3q: validate rc=0 infer...
14:56:17.478: npu: infer rc=0
14:56:17.478: npu d3k: validate rc=0 infer...
14:56:17.478: npu: infer rc=0
14:56:17.490: npu d3v: validate rc=0 infer...
14:56:17.490: npu: infer rc=0
14:56:17.613: npu d3out: validate rc=0 infer...
14:56:17.613: npu: infer rc=0
14:56:17.613: npu d3xq: validate rc=0 infer...
14:56:17.613: npu: infer rc=0
14:56:17.735: npu d3xout: validate rc=0 infer...
14:56:17.735: npu: infer rc=0
14:56:17.858: npu d3fc1a: validate rc=0 infer...
14:56:17.858: npu: infer rc=0
14:56:17.858: npu d3fc2p0: validate rc=0 infer...
14:56:17.858: npu: infer rc=0
14:56:17.858: npu d3fc1b: validate rc=0 infer...
14:56:17.858: npu: infer rc=0
14:56:17.984: npu d3fc2p1: validate rc=0 infer...
14:56:17.984: npu: infer rc=0
14:56:17.984: npu d3fc1c: validate rc=0 infer...
14:56:17.984: npu: infer rc=0
14:56:17.984: npu d3fc2p2: validate rc=0 infer...
14:56:17.984: npu: infer rc=0
14:56:18.107: npu d3fc1d: validate rc=0 infer...
14:56:18.107: npu: infer rc=0
14:56:18.107: npu d3fc2p3: validate rc=0 infer...
14:56:18.107: npu: infer rc=0
14:56:20.312:  Pittnpu d0q: validate rc=0 infer...
14:56:20.438: npu: infer rc=0
14:56:20.438: npu d0k: validate rc=0 infer...
14:56:20.438: npu: infer rc=0
14:56:20.438: npu d0v: validate rc=0 infer...
14:56:20.438: npu: infer rc=0
14:56:20.560: npu d0out: validate rc=0 infer...
14:56:20.560: npu: infer rc=0
14:56:20.560: npu d0xq: validate rc=0 infer...
14:56:20.560: npu: infer rc=0
14:56:20.682: npu d0xout: validate rc=0 infer...
14:56:20.682: npu: infer rc=0
14:56:20.806: npu d0fc1a: validate rc=0 infer...
14:56:20.806: npu: infer rc=0
14:56:20.806: npu d0fc2p0: validate rc=0 infer...
14:56:20.806: npu: infer rc=0
14:56:20.806: npu d0fc1b: validate rc=0 infer...
14:56:20.806: npu: infer rc=0
14:56:20.931: npu d0fc2p1: validate rc=0 infer...
14:56:20.931: npu: infer rc=0
14:56:20.931: npu d0fc1c: validate rc=0 infer...
14:56:20.931: npu: infer rc=0
14:56:20.931: npu d0fc2p2: validate rc=0 infer...
14:56:20.931: npu: infer rc=0
14:56:21.054: npu d0fc1d: validate rc=0 infer...
14:56:21.054: npu: infer rc=0
14:56:21.054: npu d0fc2p3: validate rc=0 infer...
14:56:21.054: npu: infer rc=0
14:56:21.066: npu d1q: validate rc=0 infer...
14:56:21.066: npu: infer rc=0
14:56:21.191: npu d1k: validate rc=0 infer...
14:56:21.191: npu: infer rc=0
14:56:21.191: npu d1v: validate rc=0 infer...
14:56:21.191: npu: infer rc=0
14:56:21.191: npu d1out: validate rc=0 infer...
14:56:21.191: npu: infer rc=0
14:56:21.312: npu d1xq: validate rc=0 infer...
14:56:21.312: npu: infer rc=0
14:56:21.437: npu d1xout: validate rc=0 infer...
14:56:21.437: npu: infer rc=0
14:56:21.437: npu d1fc1a: validate rc=0 infer...
14:56:21.437: npu: infer rc=0
14:56:21.561: npu d1fc2p0: validate rc=0 infer...
14:56:21.561: npu: infer rc=0
14:56:21.561: npu d1fc1b: validate rc=0 infer...
14:56:21.561: npu: infer rc=0
14:56:21.561: npu d1fc2p1: validate rc=0 infer...
14:56:21.561: npu: infer rc=0
14:56:21.690: npu d1fc1c: validate rc=0 infer...
14:56:21.690: npu: infer rc=0
14:56:21.690: npu d1fc2p2: validate rc=0 infer...
14:56:21.690: npu: infer rc=0
14:56:21.690: npu d1fc1d: validate rc=0 infer...
14:56:21.690: npu: infer rc=0
14:56:21.811: npu d1fc2p3: validate rc=0 infer...
14:56:21.811: npu: infer rc=0
14:56:21.811: npu d2q: validate rc=0 infer...
14:56:21.811: npu: infer rc=0
14:56:21.823: npu d2k: validate rc=0 infer...
14:56:21.823: npu: infer rc=0
14:56:21.945: npu d2v: validate rc=0 infer...
14:56:21.945: npu: infer rc=0
14:56:21.945: npu d2out: validate rc=0 infer...
14:56:21.945: npu: infer rc=0
14:56:21.957: npu d2xq: validate rc=0 infer...
14:56:21.957: npu: infer rc=0
14:56:22.191: npu d2xout: validate rc=0 infer...
14:56:22.191: npu: infer rc=0
14:56:22.191: npu d2fc1a: validate rc=0 infer...
14:56:22.191: npu: infer rc=0
14:56:22.191: npu d2fc2p0: validate rc=0 infer...
14:56:22.191: npu: infer rc=0
14:56:22.317: npu d2fc1b: validate rc=0 infer...
14:56:22.317: npu: infer rc=0
14:56:22.317: npu d2fc2p1: validate rc=0 infer...
14:56:22.317: npu: infer rc=0
14:56:22.317: npu d2fc1c: validate rc=0 infer...
14:56:22.317: npu: infer rc=0
14:56:22.443: npu d2fc2p2: validate rc=0 infer...
14:56:22.443: npu: infer rc=0
14:56:22.443: npu d2fc1d: validate rc=0 infer...
14:56:22.443: npu: infer rc=0
14:56:22.443: npu d2fc2p3: validate rc=0 infer...
14:56:22.443: npu: infer rc=0
14:56:22.570: npu d3q: validate rc=0 infer...
14:56:22.570: npu: infer rc=0
14:56:22.570: npu d3k: validate rc=0 infer...
14:56:22.570: npu: infer rc=0
14:56:22.570: npu d3v: validate rc=0 infer...
14:56:22.580: npu: infer rc=0
14:56:22.703: npu d3out: validate rc=0 infer...
14:56:22.703: npu: infer rc=0
14:56:22.703: npu d3xq: validate rc=0 infer...
14:56:22.703: npu: infer rc=0
14:56:22.824: npu d3xout: validate rc=0 infer...
14:56:22.824: npu: infer rc=0
14:56:22.949: npu d3fc1a: validate rc=0 infer...
14:56:22.949: npu: infer rc=0
14:56:22.949: npu d3fc2p0: validate rc=0 infer...
14:56:22.949: npu: infer rc=0
14:56:22.949: npu d3fc1b: validate rc=0 infer...
14:56:22.949: npu: infer rc=0
14:56:23.075: npu d3fc2p1: validate rc=0 infer...
14:56:23.075: npu: infer rc=0
14:56:23.075: npu d3fc1c: validate rc=0 infer...
14:56:23.075: npu: infer rc=0
14:56:23.075: npu d3fc2p2: validate rc=0 infer...
14:56:23.075: npu: infer rc=0
14:56:23.198: npu d3fc1d: validate rc=0 infer...
14:56:23.198: npu: infer rc=0
14:56:23.198: npu d3fc2p3: validate rc=0 infer...
14:56:23.198: npu: infer rc=0
14:56:25.389:  Pittnpu d0q: validate rc=0 infer...
14:56:25.512: npu: infer rc=0
14:56:25.512: npu d0k: validate rc=0 infer...
14:56:25.512: npu: infer rc=0
14:56:25.524: npu d0v: validate rc=0 infer...
14:56:25.524: npu: infer rc=0
14:56:25.649: npu d0out: validate rc=0 infer...
14:56:25.649: npu: infer rc=0
14:56:25.649: npu d0xq: validate rc=0 infer...
14:56:25.649: npu: infer rc=0
14:56:25.770: npu d0xout: validate rc=0 infer...
14:56:25.770: npu: infer rc=0
14:56:25.895: npu d0fc1a: validate rc=0 infer...
14:56:25.895: npu: infer rc=0
14:56:25.895: npu d0fc2p0: validate rc=0 infer...
14:56:25.895: npu: infer rc=0
14:56:25.895: npu d0fc1b: validate rc=0 infer...
14:56:25.895: npu: infer rc=0
14:56:26.022: npu d0fc2p1: validate rc=0 infer...
14:56:26.022: npu: infer rc=0
14:56:26.022: npu d0fc1c: validate rc=0 infer...
14:56:26.022: npu: infer rc=0
14:56:26.022: npu d0fc2p2: validate rc=0 infer...
14:56:26.022: npu: infer rc=0
14:56:26.146: npu d0fc1d: validate rc=0 infer...
14:56:26.146: npu: infer rc=0
14:56:26.146: npu d0fc2p3: validate rc=0 infer...
14:56:26.146: npu: infer rc=0
14:56:26.146: npu d1q: validate rc=0 infer...
14:56:26.146: npu: infer rc=0
14:56:26.268: npu d1k: validate rc=0 infer...
14:56:26.268: npu: infer rc=0
14:56:26.268: npu d1v: validate rc=0 infer...
14:56:26.268: npu: infer rc=0
14:56:26.280: npu d1out: validate rc=0 infer...
14:56:26.280: npu: infer rc=0
14:56:26.402: npu d1xq: validate rc=0 infer...
14:56:26.402: npu: infer rc=0
14:56:26.526: npu d1xout: validate rc=0 infer...
14:56:26.526: npu: infer rc=0
14:56:26.526: npu d1fc1a: validate rc=0 infer...
14:56:26.526: npu: infer rc=0
14:56:26.651: npu d1fc2p0: validate rc=0 infer...
14:56:26.651: npu: infer rc=0
14:56:26.651: npu d1fc1b: validate rc=0 infer...
14:56:26.651: npu: infer rc=0
14:56:26.651: npu d1fc2p1: validate rc=0 infer...
14:56:26.651: npu: infer rc=0
14:56:26.775: npu d1fc1c: validate rc=0 infer...
14:56:26.775: npu: infer rc=0
14:56:26.775: npu d1fc2p2: validate rc=0 infer...
14:56:26.775: npu: infer rc=0
14:56:26.775: npu d1fc1d: validate rc=0 infer...
14:56:26.775: npu: infer rc=0
14:56:26.901: npu d1fc2p3: validate rc=0 infer...
14:56:26.901: npu: infer rc=0
14:56:26.901: npu d2q: validate rc=0 infer...
14:56:26.901: npu: infer rc=0
14:56:26.901: npu d2k: validate rc=0 infer...
14:56:26.911: npu: infer rc=0
14:56:27.035: npu d2v: validate rc=0 infer...
14:56:27.035: npu: infer rc=0
14:56:27.035: npu d2out: validate rc=0 infer...
14:56:27.035: npu: infer rc=0
14:56:27.035: npu d2xq: validate rc=0 infer...
14:56:27.035: npu: infer rc=0
14:56:27.268: npu d2xout: validate rc=0 infer...
14:56:27.268: npu: infer rc=0
14:56:27.268: npu d2fc1a: validate rc=0 infer...
14:56:27.268: npu: infer rc=0
14:56:27.268: npu d2fc2p0: validate rc=0 infer...
14:56:27.268: npu: infer rc=0
14:56:27.393: npu d2fc1b: validate rc=0 infer...
14:56:27.393: npu: infer rc=0
14:56:27.393: npu d2fc2p1: validate rc=0 infer...
14:56:27.393: npu: infer rc=0
14:56:27.393: npu d2fc1c: validate rc=0 infer...
14:56:27.393: npu: infer rc=0
14:56:27.516: npu d2fc2p2: validate rc=0 infer...
14:56:27.516: npu: infer rc=0
14:56:27.516: npu d2fc1d: validate rc=0 infer...
14:56:27.516: npu: infer rc=0
14:56:27.528: npu d2fc2p3: validate rc=0 infer...
14:56:27.528: npu: infer rc=0
14:56:27.652: npu d3q: validate rc=0 infer...
14:56:27.652: npu: infer rc=0
14:56:27.652: npu d3k: validate rc=0 infer...
14:56:27.652: npu: infer rc=0
14:56:27.652: npu d3v: validate rc=0 infer...
14:56:27.652: npu: infer rc=0
14:56:27.775: npu d3out: validate rc=0 infer...
14:56:27.775: npu: infer rc=0
14:56:27.775: npu d3xq: validate rc=0 infer...
14:56:27.775: npu: infer rc=0
14:56:27.896: npu d3xout: validate rc=0 infer...
14:56:27.896: npu: infer rc=0
14:56:28.022: npu d3fc1a: validate rc=0 infer...
14:56:28.022: npu: infer rc=0
14:56:28.022: npu d3fc2p0: validate rc=0 infer...
14:56:28.022: npu: infer rc=0
14:56:28.022: npu d3fc1b: validate rc=0 infer...
14:56:28.022: npu: infer rc=0
14:56:28.149: npu d3fc2p1: validate rc=0 infer...
14:56:28.149: npu: infer rc=0
14:56:28.149: npu d3fc1c: validate rc=0 infer...
14:56:28.149: npu: infer rc=0
14:56:28.149: npu d3fc2p2: validate rc=0 infer...
14:56:28.149: npu: infer rc=0
14:56:28.271: npu d3fc1d: validate rc=0 infer...
14:56:28.271: npu: infer rc=0
14:56:28.271: npu d3fc2p3: validate rc=0 infer...
14:56:28.271: npu: infer rc=0
14:56:30.472:  Pittnpu d0q: validate rc=0 infer...
14:56:30.596: npu: infer rc=0
14:56:30.596: npu d0k: validate rc=0 infer...
14:56:30.596: npu: infer rc=0
14:56:30.609: npu d0v: validate rc=0 infer...
14:56:30.609: npu: infer rc=0
14:56:30.731: npu d0out: validate rc=0 infer...
14:56:30.731: npu: infer rc=0
14:56:30.731: npu d0xq: validate rc=0 infer...
14:56:30.731: npu: infer rc=0
14:56:30.852: npu d0xout: validate rc=0 infer...
14:56:30.852: npu: infer rc=0
14:56:30.977: npu d0fc1a: validate rc=0 infer...
14:56:30.977: npu: infer rc=0
14:56:30.977: npu d0fc2p0: validate rc=0 infer...
14:56:30.977: npu: infer rc=0
14:56:30.977: npu d0fc1b: validate rc=0 infer...
14:56:30.977: npu: infer rc=0
14:56:31.102: npu d0fc2p1: validate rc=0 infer...
14:56:31.102: npu: infer rc=0
14:56:31.102: npu d0fc1c: validate rc=0 infer...
14:56:31.102: npu: infer rc=0
14:56:31.102: npu d0fc2p2: validate rc=0 infer...
14:56:31.102: npu: infer rc=0
14:56:31.225: npu d0fc1d: validate rc=0 infer...
14:56:31.225: npu: infer rc=0
14:56:31.225: npu d0fc2p3: validate rc=0 infer...
14:56:31.225: npu: infer rc=0
14:56:31.236: npu d1q: validate rc=0 infer...
14:56:31.236: npu: infer rc=0
14:56:31.361: npu d1k: validate rc=0 infer...
14:56:31.361: npu: infer rc=0
14:56:31.361: npu d1v: validate rc=0 infer...
14:56:31.361: npu: infer rc=0
14:56:31.361: npu d1out: validate rc=0 infer...
14:56:31.361: npu: infer rc=0
14:56:31.482: npu d1xq: validate rc=0 infer...
14:56:31.482: npu: infer rc=0
14:56:31.606: npu d1xout: validate rc=0 infer...
14:56:31.606: npu: infer rc=0
14:56:31.606: npu d1fc1a: validate rc=0 infer...
14:56:31.606: npu: infer rc=0
14:56:31.731: npu d1fc2p0: validate rc=0 infer...
14:56:31.731: npu: infer rc=0
14:56:31.731: npu d1fc1b: validate rc=0 infer...
14:56:31.731: npu: infer rc=0
14:56:31.731: npu d1fc2p1: validate rc=0 infer...
14:56:31.731: npu: infer rc=0
14:56:31.855: npu d1fc1c: validate rc=0 infer...
14:56:31.855: npu: infer rc=0
14:56:31.855: npu d1fc2p2: validate rc=0 infer...
14:56:31.855: npu: infer rc=0
14:56:31.855: npu d1fc1d: validate rc=0 infer...
14:56:31.855: npu: infer rc=0
14:56:31.980: npu d1fc2p3: validate rc=0 infer...
14:56:31.980: npu: infer rc=0
14:56:31.980: npu d2q: validate rc=0 infer...
14:56:31.980: npu: infer rc=0
14:56:31.992: npu d2k: validate rc=0 infer...
14:56:31.992: npu: infer rc=0
14:56:32.118: npu d2v: validate rc=0 infer...
14:56:32.118: npu: infer rc=0
14:56:32.118: npu d2out: validate rc=0 infer...
14:56:32.118: npu: infer rc=0
14:56:32.118: npu d2xq: validate rc=0 infer...
14:56:32.118: npu: infer rc=0
14:56:32.355: npu d2xout: validate rc=0 infer...
14:56:32.355: npu: infer rc=0
14:56:32.355: npu d2fc1a: validate rc=0 infer...
14:56:32.355: npu: infer rc=0
14:56:32.355: npu d2fc2p0: validate rc=0 infer...
14:56:32.355: npu: infer rc=0
14:56:32.479: npu d2fc1b: validate rc=0 infer...
14:56:32.479: npu: infer rc=0
14:56:32.479: npu d2fc2p1: validate rc=0 infer...
14:56:32.479: npu: infer rc=0
14:56:32.479: npu d2fc1c: validate rc=0 infer...
14:56:32.479: npu: infer rc=0
14:56:32.602: npu d2fc2p2: validate rc=0 infer...
14:56:32.602: npu: infer rc=0
14:56:32.602: npu d2fc1d: validate rc=0 infer...
14:56:32.602: npu: infer rc=0
14:56:32.613: npu d2fc2p3: validate rc=0 infer...
14:56:32.613: npu: infer rc=0
14:56:32.739: npu d3q: validate rc=0 infer...
14:56:32.739: npu: infer rc=0
14:56:32.739: npu d3k: validate rc=0 infer...
14:56:32.739: npu: infer rc=0
14:56:32.739: npu d3v: validate rc=0 infer...
14:56:32.739: npu: infer rc=0
14:56:32.861: npu d3out: validate rc=0 infer...
14:56:32.861: npu: infer rc=0
14:56:32.861: npu d3xq: validate rc=0 infer...
14:56:32.861: npu: infer rc=0
14:56:32.982: npu d3xout: validate rc=0 infer...
14:56:32.982: npu: infer rc=0
14:56:33.108: npu d3fc1a: validate rc=0 infer...
14:56:33.108: npu: infer rc=0
14:56:33.108: npu d3fc2p0: validate rc=0 infer...
14:56:33.108: npu: infer rc=0
14:56:33.108: npu d3fc1b: validate rc=0 infer...
14:56:33.108: npu: infer rc=0
14:56:33.234: npu d3fc2p1: validate rc=0 infer...
14:56:33.234: npu: infer rc=0
14:56:33.234: npu d3fc1c: validate rc=0 infer...
14:56:33.234: npu: infer rc=0
14:56:33.234: npu d3fc2p2: validate rc=0 infer...
14:56:33.234: npu: infer rc=0
14:56:33.357: npu d3fc1d: validate rc=0 infer...
14:56:33.357: npu: infer rc=0
14:56:33.357: npu d3fc2p3: validate rc=0 infer...
14:56:33.357: npu: infer rc=0
14:56:35.548:  Pittnpu d0q: validate rc=0 infer...
14:56:35.671: npu: infer rc=0
14:56:35.671: npu d0k: validate rc=0 infer...
14:56:35.671: npu: infer rc=0
14:56:35.682: npu d0v: validate rc=0 infer...
14:56:35.693: npu: infer rc=0
14:56:35.816: npu d0out: validate rc=0 infer...
14:56:35.816: npu: infer rc=0
14:56:35.816: npu d0xq: validate rc=0 infer...
14:56:35.816: npu: infer rc=0
14:56:35.937: npu d0xout: validate rc=0 infer...
14:56:35.937: npu: infer rc=0
14:56:36.063: npu d0fc1a: validate rc=0 infer...
14:56:36.063: npu: infer rc=0
14:56:36.063: npu d0fc2p0: validate rc=0 infer...
14:56:36.063: npu: infer rc=0
14:56:36.063: npu d0fc1b: validate rc=0 infer...
14:56:36.063: npu: infer rc=0
14:56:36.187: npu d0fc2p1: validate rc=0 infer...
14:56:36.187: npu: infer rc=0
14:56:36.187: npu d0fc1c: validate rc=0 infer...
14:56:36.187: npu: infer rc=0
14:56:36.187: npu d0fc2p2: validate rc=0 infer...
14:56:36.187: npu: infer rc=0
14:56:36.309: npu d0fc1d: validate rc=0 infer...
14:56:36.309: npu: infer rc=0
14:56:36.309: npu d0fc2p3: validate rc=0 infer...
14:56:36.309: npu: infer rc=0
14:56:36.320: npu d1q: validate rc=0 infer...
14:56:36.320: npu: infer rc=0
14:56:36.445: npu d1k: validate rc=0 infer...
14:56:36.445: npu: infer rc=0
14:56:36.445: npu d1v: validate rc=0 infer...
14:56:36.445: npu: infer rc=0
14:56:36.445: npu d1out: validate rc=0 infer...
14:56:36.445: npu: infer rc=0
14:56:36.568: npu d1xq: validate rc=0 infer...
14:56:36.568: npu: infer rc=0
14:56:36.692: npu d1xout: validate rc=0 infer...
14:56:36.692: npu: infer rc=0
14:56:36.692: npu d1fc1a: validate rc=0 infer...
14:56:36.692: npu: infer rc=0
14:56:36.820: npu d1fc2p0: validate rc=0 infer...
14:56:36.820: npu: infer rc=0
14:56:36.820: npu d1fc1b: validate rc=0 infer...
14:56:36.820: npu: infer rc=0
14:56:36.820: npu d1fc2p1: validate rc=0 infer...
14:56:36.820: npu: infer rc=0
14:56:36.945: npu d1fc1c: validate rc=0 infer...
14:56:36.945: npu: infer rc=0
14:56:36.945: npu d1fc2p2: validate rc=0 infer...
14:56:36.945: npu: infer rc=0
14:56:36.945: npu d1fc1d: validate rc=0 infer...
14:56:36.945: npu: infer rc=0
14:56:37.072: npu d1fc2p3: validate rc=0 infer...
14:56:37.072: npu: infer rc=0
14:56:37.072: npu d2q: validate rc=0 infer...
14:56:37.072: npu: infer rc=0
14:56:37.072: npu d2k: validate rc=0 infer...
14:56:37.072: npu: infer rc=0
14:56:37.195: npu d2v: validate rc=0 infer...
14:56:37.195: npu: infer rc=0
14:56:37.195: npu d2out: validate rc=0 infer...
14:56:37.195: npu: infer rc=0
14:56:37.207: npu d2xq: validate rc=0 infer...
14:56:37.207: npu: infer rc=0
14:56:37.441: npu d2xout: validate rc=0 infer...
14:56:37.441: npu: infer rc=0
14:56:37.441: npu d2fc1a: validate rc=0 infer...
14:56:37.441: npu: infer rc=0
14:56:37.441: npu d2fc2p0: validate rc=0 infer...
14:56:37.441: npu: infer rc=0
14:56:37.568: npu d2fc1b: validate rc=0 infer...
14:56:37.568: npu: infer rc=0
14:56:37.568: npu d2fc2p1: validate rc=0 infer...
14:56:37.568: npu: infer rc=0
14:56:37.568: npu d2fc1c: validate rc=0 infer...
14:56:37.568: npu: infer rc=0
14:56:37.693: npu d2fc2p2: validate rc=0 infer...
14:56:37.693: npu: infer rc=0
14:56:37.693: npu d2fc1d: validate rc=0 infer...
14:56:37.693: npu: infer rc=0
14:56:37.693: npu d2fc2p3: validate rc=0 infer...
14:56:37.693: npu: infer rc=0
14:56:37.817: npu d3q: validate rc=0 infer...
14:56:37.817: npu: infer rc=0
14:56:37.817: npu d3k: validate rc=0 infer...
14:56:37.817: npu: infer rc=0
14:56:37.829: npu d3v: validate rc=0 infer...
14:56:37.829: npu: infer rc=0
14:56:37.951: npu d3out: validate rc=0 infer...
14:56:37.951: npu: infer rc=0
14:56:37.951: npu d3xq: validate rc=0 infer...
14:56:37.951: npu: infer rc=0
14:56:38.073: npu d3xout: validate rc=0 infer...
14:56:38.073: npu: infer rc=0
14:56:38.198: npu d3fc1a: validate rc=0 infer...
14:56:38.198: npu: infer rc=0
14:56:38.198: npu d3fc2p0: validate rc=0 infer...
14:56:38.198: npu: infer rc=0
14:56:38.198: npu d3fc1b: validate rc=0 infer...
14:56:38.198: npu: infer rc=0
14:56:38.323: npu d3fc2p1: validate rc=0 infer...
14:56:38.323: npu: infer rc=0
14:56:38.323: npu d3fc1c: validate rc=0 infer...
14:56:38.323: npu: infer rc=0
14:56:38.323: npu d3fc2p2: validate rc=0 infer...
14:56:38.323: npu: infer rc=0
14:56:38.446: npu d3fc1d: validate rc=0 infer...
14:56:38.446: npu: infer rc=0
14:56:38.446: npu d3fc2p3: validate rc=0 infer...
14:56:38.446: npu: infer rc=0
14:56:40.639:  Pittnpu d0q: validate rc=0 infer...
14:56:40.763: npu: infer rc=0
14:56:40.763: npu d0k: validate rc=0 infer...
14:56:40.763: npu: infer rc=0
14:56:40.775: npu d0v: validate rc=0 infer...
14:56:40.775: npu: infer rc=0
14:56:40.899: npu d0out: validate rc=0 infer...
14:56:40.899: npu: infer rc=0
14:56:40.899: npu d0xq: validate rc=0 infer...
14:56:40.899: npu: infer rc=0
14:56:41.020: npu d0xout: validate rc=0 infer...
14:56:41.020: npu: infer rc=0
14:56:41.145: npu d0fc1a: validate rc=0 infer...
14:56:41.145: npu: infer rc=0
14:56:41.145: npu d0fc2p0: validate rc=0 infer...
14:56:41.145: npu: infer rc=0
14:56:41.145: npu d0fc1b: validate rc=0 infer...
14:56:41.145: npu: infer rc=0
14:56:41.269: npu d0fc2p1: validate rc=0 infer...
14:56:41.269: npu: infer rc=0
14:56:41.269: npu d0fc1c: validate rc=0 infer...
14:56:41.269: npu: infer rc=0
14:56:41.269: npu d0fc2p2: validate rc=0 infer...
14:56:41.269: npu: infer rc=0
14:56:41.391: npu d0fc1d: validate rc=0 infer...
14:56:41.391: npu: infer rc=0
14:56:41.391: npu d0fc2p3: validate rc=0 infer...
14:56:41.391: npu: infer rc=0
14:56:41.403: npu d1q: validate rc=0 infer...
14:56:41.403: npu: infer rc=0
14:56:41.530: npu d1k: validate rc=0 infer...
14:56:41.530: npu: infer rc=0
14:56:41.530: npu d1v: validate rc=0 infer...
14:56:41.530: npu: infer rc=0
14:56:41.530: npu d1out: validate rc=0 infer...
14:56:41.530: npu: infer rc=0
14:56:41.651: npu d1xq: validate rc=0 infer...
14:56:41.651: npu: infer rc=0
14:56:41.773: npu d1xout: validate rc=0 infer...
14:56:41.773: npu: infer rc=0
14:56:41.773: npu d1fc1a: validate rc=0 infer...
14:56:41.773: npu: infer rc=0
14:56:41.900: npu d1fc2p0: validate rc=0 infer...
14:56:41.900: npu: infer rc=0
14:56:41.900: npu d1fc1b: validate rc=0 infer...
14:56:41.900: npu: infer rc=0
14:56:41.900: npu d1fc2p1: validate rc=0 infer...
14:56:41.900: npu: infer rc=0
14:56:42.026: npu d1fc1c: validate rc=0 infer...
14:56:42.026: npu: infer rc=0
14:56:42.026: npu d1fc2p2: validate rc=0 infer...
14:56:42.026: npu: infer rc=0
14:56:42.026: npu d1fc1d: validate rc=0 infer...
14:56:42.026: npu: infer rc=0
14:56:42.148: npu d1fc2p3: validate rc=0 infer...
14:56:42.148: npu: infer rc=0
14:56:42.148: npu d2q: validate rc=0 infer...
14:56:42.148: npu: infer rc=0
14:56:42.160: npu d2k: validate rc=0 infer...
14:56:42.160: npu: infer rc=0
14:56:42.284: npu d2v: validate rc=0 infer...
14:56:42.284: npu: infer rc=0
14:56:42.284: npu d2out: validate rc=0 infer...
14:56:42.284: npu: infer rc=0
14:56:42.284: npu d2xq: validate rc=0 infer...
14:56:42.295: npu: infer rc=0
14:56:42.528: npu d2xout: validate rc=0 infer...
14:56:42.528: npu: infer rc=0
14:56:42.528: npu d2fc1a: validate rc=0 infer...
14:56:42.528: npu: infer rc=0
14:56:42.528: npu d2fc2p0: validate rc=0 infer...
14:56:42.528: npu: infer rc=0
14:56:42.653: npu d2fc1b: validate rc=0 infer...
14:56:42.653: npu: infer rc=0
14:56:42.653: npu d2fc2p1: validate rc=0 infer...
14:56:42.653: npu: infer rc=0
14:56:42.653: npu d2fc1c: validate rc=0 infer...
14:56:42.653: npu: infer rc=0
14:56:42.778: npu d2fc2p2: validate rc=0 infer...
14:56:42.778: npu: infer rc=0
14:56:42.778: npu d2fc1d: validate rc=0 infer...
14:56:42.778: npu: infer rc=0
14:56:42.778: npu d2fc2p3: validate rc=0 infer...
14:56:42.778: npu: infer rc=0
14:56:42.903: npu d3q: validate rc=0 infer...
14:56:42.903: npu: infer rc=0
14:56:42.903: npu d3k: validate rc=0 infer...
14:56:42.903: npu: infer rc=0
14:56:42.914: npu d3v: validate rc=0 infer...
14:56:42.914: npu: infer rc=0
14:56:43.039: npu d3out: validate rc=0 infer...
14:56:43.039: npu: infer rc=0
14:56:43.039: npu d3xq: validate rc=0 infer...
14:56:43.039: npu: infer rc=0
14:56:43.160: npu d3xout: validate rc=0 infer...
14:56:43.160: npu: infer rc=0
14:56:43.286: npu d3fc1a: validate rc=0 infer...
14:56:43.286: npu: infer rc=0
14:56:43.286: npu d3fc2p0: validate rc=0 infer...
14:56:43.286: npu: infer rc=0
14:56:43.286: npu d3fc1b: validate rc=0 infer...
14:56:43.286: npu: infer rc=0
14:56:43.411: npu d3fc2p1: validate rc=0 infer...
14:56:43.411: npu: infer rc=0
14:56:43.411: npu d3fc1c: validate rc=0 infer...
14:56:43.411: npu: infer rc=0
14:56:43.411: npu d3fc2p2: validate rc=0 infer...
14:56:43.411: npu: infer rc=0
14:56:43.535: npu d3fc1d: validate rc=0 infer...
14:56:43.535: npu: infer rc=0
14:56:43.535: npu d3fc2p3: validate rc=0 infer...
14:56:43.535: npu: infer rc=0
14:56:45.724:  Pittnpu d0q: validate rc=0 infer...
14:56:45.846: npu: infer rc=0
14:56:45.846: npu d0k: validate rc=0 infer...
14:56:45.846: npu: infer rc=0
14:56:45.859: npu d0v: validate rc=0 infer...
14:56:45.859: npu: infer rc=0
14:56:45.981: npu d0out: validate rc=0 infer...
14:56:45.981: npu: infer rc=0
14:56:45.981: npu d0xq: validate rc=0 infer...
14:56:45.981: npu: infer rc=0
14:56:46.105: npu d0xout: validate rc=0 infer...
14:56:46.105: npu: infer rc=0
14:56:46.231: npu d0fc1a: validate rc=0 infer...
14:56:46.231: npu: infer rc=0
14:56:46.231: npu d0fc2p0: validate rc=0 infer...
14:56:46.231: npu: infer rc=0
14:56:46.231: npu d0fc1b: validate rc=0 infer...
14:56:46.231: npu: infer rc=0
14:56:46.355: npu d0fc2p1: validate rc=0 infer...
14:56:46.355: npu: infer rc=0
14:56:46.355: npu d0fc1c: validate rc=0 infer...
14:56:46.355: npu: infer rc=0
14:56:46.355: npu d0fc2p2: validate rc=0 infer...
14:56:46.355: npu: infer rc=0
14:56:46.478: npu d0fc1d: validate rc=0 infer...
14:56:46.478: npu: infer rc=0
14:56:46.478: npu d0fc2p3: validate rc=0 infer...
14:56:46.478: npu: infer rc=0
14:56:46.490: npu d1q: validate rc=0 infer...
14:56:46.490: npu: infer rc=0
14:56:46.615: npu d1k: validate rc=0 infer...
14:56:46.615: npu: infer rc=0
14:56:46.615: npu d1v: validate rc=0 infer...
14:56:46.615: npu: infer rc=0
14:56:46.615: npu d1out: validate rc=0 infer...
14:56:46.615: npu: infer rc=0
14:56:46.737: npu d1xq: validate rc=0 infer...
14:56:46.737: npu: infer rc=0
14:56:46.858: npu d1xout: validate rc=0 infer...
14:56:46.858: npu: infer rc=0
14:56:46.858: npu d1fc1a: validate rc=0 infer...
14:56:46.858: npu: infer rc=0
14:56:46.983: npu d1fc2p0: validate rc=0 infer...
14:56:46.983: npu: infer rc=0
14:56:46.983: npu d1fc1b: validate rc=0 infer...
14:56:46.983: npu: infer rc=0
14:56:46.983: npu d1fc2p1: validate rc=0 infer...
14:56:46.983: npu: infer rc=0
14:56:47.108: npu d1fc1c: validate rc=0 infer...
14:56:47.108: npu: infer rc=0
14:56:47.108: npu d1fc2p2: validate rc=0 infer...
14:56:47.108: npu: infer rc=0
14:56:47.108: npu d1fc1d: validate rc=0 infer...
14:56:47.108: npu: infer rc=0
14:56:47.231: npu d1fc2p3: validate rc=0 infer...
14:56:47.231: npu: infer rc=0
14:56:47.231: npu d2q: validate rc=0 infer...
14:56:47.231: npu: infer rc=0
14:56:47.244: npu d2k: validate rc=0 infer...
14:56:47.244: npu: infer rc=0
14:56:47.366: npu d2v: validate rc=0 infer...
14:56:47.366: npu: infer rc=0
14:56:47.366: npu d2out: validate rc=0 infer...
14:56:47.366: npu: infer rc=0
14:56:47.378: npu d2xq: validate rc=0 infer...
14:56:47.378: npu: infer rc=0
14:56:47.611: npu d2xout: validate rc=0 infer...
14:56:47.611: npu: infer rc=0
14:56:47.611: npu d2fc1a: validate rc=0 infer...
14:56:47.611: npu: infer rc=0
14:56:47.611: npu d2fc2p0: validate rc=0 infer...
14:56:47.611: npu: infer rc=0
14:56:47.735: npu d2fc1b: validate rc=0 infer...
14:56:47.735: npu: infer rc=0
14:56:47.735: npu d2fc2p1: validate rc=0 infer...
14:56:47.735: npu: infer rc=0
14:56:47.735: npu d2fc1c: validate rc=0 infer...
14:56:47.735: npu: infer rc=0
14:56:47.858: npu d2fc2p2: validate rc=0 infer...
14:56:47.858: npu: infer rc=0
14:56:47.858: npu d2fc1d: validate rc=0 infer...
14:56:47.858: npu: infer rc=0
14:56:47.858: npu d2fc2p3: validate rc=0 infer...
14:56:47.868: npu: infer rc=0
14:56:47.993: npu d3q: validate rc=0 infer...
14:56:47.993: npu: infer rc=0
14:56:47.993: npu d3k: validate rc=0 infer...
14:56:47.993: npu: infer rc=0
14:56:47.993: npu d3v: validate rc=0 infer...
14:56:47.993: npu: infer rc=0
14:56:48.116: npu d3out: validate rc=0 infer...
14:56:48.116: npu: infer rc=0
14:56:48.116: npu d3xq: validate rc=0 infer...
14:56:48.116: npu: infer rc=0
14:56:48.237: npu d3xout: validate rc=0 infer...
14:56:48.237: npu: infer rc=0
14:56:48.363: npu d3fc1a: validate rc=0 infer...
14:56:48.363: npu: infer rc=0
14:56:48.363: npu d3fc2p0: validate rc=0 infer...
14:56:48.363: npu: infer rc=0
14:56:48.363: npu d3fc1b: validate rc=0 infer...
14:56:48.363: npu: infer rc=0
14:56:48.488: npu d3fc2p1: validate rc=0 infer...
14:56:48.488: npu: infer rc=0
14:56:48.488: npu d3fc1c: validate rc=0 infer...
14:56:48.488: npu: infer rc=0
14:56:48.488: npu d3fc2p2: validate rc=0 infer...
14:56:48.488: npu: infer rc=0
14:56:48.612: npu d3fc1d: validate rc=0 infer...
14:56:48.612: npu: infer rc=0
14:56:48.612: npu d3fc2p3: validate rc=0 infer...
14:56:48.612: npu: infer rc=0
14:56:50.804:  Pittnpu d0q: validate rc=0 infer...
14:56:50.927: npu: infer rc=0
14:56:50.927: npu d0k: validate rc=0 infer...
14:56:50.927: npu: infer rc=0
14:56:50.938: npu d0v: validate rc=0 infer...
14:56:50.938: npu: infer rc=0
14:56:51.062: npu d0out: validate rc=0 infer...
14:56:51.062: npu: infer rc=0
14:56:51.062: npu d0xq: validate rc=0 infer...
14:56:51.062: npu: infer rc=0
14:56:51.184: npu d0xout: validate rc=0 infer...
14:56:51.184: npu: infer rc=0
14:56:51.309: npu d0fc1a: validate rc=0 infer...
14:56:51.309: npu: infer rc=0
14:56:51.309: npu d0fc2p0: validate rc=0 infer...
14:56:51.309: npu: infer rc=0
14:56:51.309: npu d0fc1b: validate rc=0 infer...
14:56:51.309: npu: infer rc=0
14:56:51.435: npu d0fc2p1: validate rc=0 infer...
14:56:51.435: npu: infer rc=0
14:56:51.435: npu d0fc1c: validate rc=0 infer...
14:56:51.435: npu: infer rc=0
14:56:51.435: npu d0fc2p2: validate rc=0 infer...
14:56:51.435: npu: infer rc=0
14:56:51.560: npu d0fc1d: validate rc=0 infer...
14:56:51.560: npu: infer rc=0
14:56:51.560: npu d0fc2p3: validate rc=0 infer...
14:56:51.560: npu: infer rc=0
14:56:51.573: npu d1q: validate rc=0 infer...
14:56:51.573: npu: infer rc=0
14:56:51.696: npu d1k: validate rc=0 infer...
14:56:51.696: npu: infer rc=0
14:56:51.696: npu d1v: validate rc=0 infer...
14:56:51.696: npu: infer rc=0
14:56:51.696: npu d1out: validate rc=0 infer...
14:56:51.696: npu: infer rc=0
14:56:51.818: npu d1xq: validate rc=0 infer...
14:56:51.818: npu: infer rc=0
14:56:51.941: npu d1xout: validate rc=0 infer...
14:56:51.941: npu: infer rc=0
14:56:51.941: npu d1fc1a: validate rc=0 infer...
14:56:51.941: npu: infer rc=0
14:56:52.066: npu d1fc2p0: validate rc=0 infer...
14:56:52.066: npu: infer rc=0
14:56:52.066: npu d1fc1b: validate rc=0 infer...
14:56:52.066: npu: infer rc=0
14:56:52.066: npu d1fc2p1: validate rc=0 infer...
14:56:52.066: npu: infer rc=0
14:56:52.190: npu d1fc1c: validate rc=0 infer...
14:56:52.190: npu: infer rc=0
14:56:52.190: npu d1fc2p2: validate rc=0 infer...
14:56:52.190: npu: infer rc=0
14:56:52.190: npu d1fc1d: validate rc=0 infer...
14:56:52.190: npu: infer rc=0
14:56:52.314: npu d1fc2p3: validate rc=0 infer...
14:56:52.314: npu: infer rc=0
14:56:52.314: npu d2q: validate rc=0 infer...
14:56:52.314: npu: infer rc=0
14:56:52.326: npu d2k: validate rc=0 infer...
14:56:52.326: npu: infer rc=0
14:56:52.449: npu d2v: validate rc=0 infer...
14:56:52.449: npu: infer rc=0
14:56:52.449: npu d2out: validate rc=0 infer...
14:56:52.449: npu: infer rc=0
14:56:52.462: npu d2xq: validate rc=0 infer...
14:56:52.462: npu: infer rc=0
14:56:52.697: npu d2xout: validate rc=0 infer...
14:56:52.697: npu: infer rc=0
14:56:52.697: npu d2fc1a: validate rc=0 infer...
14:56:52.697: npu: infer rc=0
14:56:52.697: npu d2fc2p0: validate rc=0 infer...
14:56:52.697: npu: infer rc=0
14:56:52.823: npu d2fc1b: validate rc=0 infer...
14:56:52.823: npu: infer rc=0
14:56:52.823: npu d2fc2p1: validate rc=0 infer...
14:56:52.823: npu: infer rc=0
14:56:52.823: npu d2fc1c: validate rc=0 infer...
14:56:52.823: npu: infer rc=0
14:56:52.947: npu d2fc2p2: validate rc=0 infer...
14:56:52.947: npu: infer rc=0
14:56:52.947: npu d2fc1d: validate rc=0 infer...
14:56:52.947: npu: infer rc=0
14:56:52.947: npu d2fc2p3: validate rc=0 infer...
14:56:52.947: npu: infer rc=0
14:56:53.068: npu d3q: validate rc=0 infer...
14:56:53.068: npu: infer rc=0
14:56:53.068: npu d3k: validate rc=0 infer...
14:56:53.068: npu: infer rc=0
14:56:53.080: npu d3v: validate rc=0 infer...
14:56:53.080: npu: infer rc=0
14:56:53.202: npu d3out: validate rc=0 infer...
14:56:53.202: npu: infer rc=0
14:56:53.202: npu d3xq: validate rc=0 infer...
14:56:53.202: npu: infer rc=0
14:56:53.321: npu d3xout: validate rc=0 infer...
14:56:53.321: npu: infer rc=0
14:56:53.445: npu d3fc1a: validate rc=0 infer...
14:56:53.445: npu: infer rc=0
14:56:53.445: npu d3fc2p0: validate rc=0 infer...
14:56:53.445: npu: infer rc=0
14:56:53.445: npu d3fc1b: validate rc=0 infer...
14:56:53.445: npu: infer rc=0
14:56:53.570: npu d3fc2p1: validate rc=0 infer...
14:56:53.570: npu: infer rc=0
14:56:53.570: npu d3fc1c: validate rc=0 infer...
14:56:53.570: npu: infer rc=0
14:56:53.570: npu d3fc2p2: validate rc=0 infer...
14:56:53.570: npu: infer rc=0
14:56:53.693: npu d3fc1d: validate rc=0 infer...
14:56:53.693: npu: infer rc=0
14:56:53.693: npu d3fc2p3: validate rc=0 infer...
14:56:53.693: npu: infer rc=0
14:56:55.882:  Pittnpu d0q: validate rc=0 infer...
14:56:56.008: npu: infer rc=0
14:56:56.008: npu d0k: validate rc=0 infer...
14:56:56.008: npu: infer rc=0
14:56:56.132: npu d0v: validate rc=0 infer...
14:56:56.132: npu: infer rc=0
14:56:56.132: npu d0out: validate rc=0 infer...
14:56:56.132: npu: infer rc=0
14:56:56.132: npu d0xq: validate rc=0 infer...
14:56:56.132: npu: infer rc=0
14:56:56.254: npu d0xout: validate rc=0 infer...
14:56:56.254: npu: infer rc=0
14:56:56.375: npu d0fc1a: validate rc=0 infer...
14:56:56.375: npu: infer rc=0
14:56:56.375: npu d0fc2p0: validate rc=0 infer...
14:56:56.375: npu: infer rc=0
14:56:56.386: npu d0fc1b: validate rc=0 infer...
14:56:56.386: npu: infer rc=0
14:56:56.509: npu d0fc2p1: validate rc=0 infer...
14:56:56.509: npu: infer rc=0
14:56:56.509: npu d0fc1c: validate rc=0 infer...
14:56:56.509: npu: infer rc=0
14:56:56.521: npu d0fc2p2: validate rc=0 infer...
14:56:56.521: npu: infer rc=0
14:56:56.644: npu d0fc1d: validate rc=0 infer...
14:56:56.644: npu: infer rc=0
14:56:56.644: npu d0fc2p3: validate rc=0 infer...
14:56:56.644: npu: infer rc=0
14:56:56.656: npu d1q: validate rc=0 infer...
14:56:56.656: npu: infer rc=0
14:56:56.781: npu d1k: validate rc=0 infer...
14:56:56.781: npu: infer rc=0
14:56:56.781: npu d1v: validate rc=0 infer...
14:56:56.781: npu: infer rc=0
14:56:56.781: npu d1out: validate rc=0 infer...
14:56:56.781: npu: infer rc=0
14:56:56.903: npu d1xq: validate rc=0 infer...
14:56:56.903: npu: infer rc=0
14:56:57.025: npu d1xout: validate rc=0 infer...
14:56:57.025: npu: infer rc=0
14:56:57.025: npu d1fc1a: validate rc=0 infer...
14:56:57.025: npu: infer rc=0
14:56:57.150: npu d1fc2p0: validate rc=0 infer...
14:56:57.150: npu: infer rc=0
14:56:57.150: npu d1fc1b: validate rc=0 infer...
14:56:57.150: npu: infer rc=0
14:56:57.150: npu d1fc2p1: validate rc=0 infer...
14:56:57.150: npu: infer rc=0
14:56:57.274: npu d1fc1c: validate rc=0 infer...
14:56:57.274: npu: infer rc=0
14:56:57.274: npu d1fc2p2: validate rc=0 infer...
14:56:57.274: npu: infer rc=0
14:56:57.274: npu d1fc1d: validate rc=0 infer...
14:56:57.285: npu: infer rc=0
14:56:57.408: npu d1fc2p3: validate rc=0 infer...
14:56:57.408: npu: infer rc=0
14:56:57.408: npu d2q: validate rc=0 infer...
14:56:57.408: npu: infer rc=0
14:56:57.408: npu d2k: validate rc=0 infer...
14:56:57.408: npu: infer rc=0
14:56:57.531: npu d2v: validate rc=0 infer...
14:56:57.531: npu: infer rc=0
14:56:57.531: npu d2out: validate rc=0 infer...
14:56:57.531: npu: infer rc=0
14:56:57.543: npu d2xq: validate rc=0 infer...
14:56:57.543: npu: infer rc=0
14:56:57.776: npu d2xout: validate rc=0 infer...
14:56:57.776: npu: infer rc=0
14:56:57.776: npu d2fc1a: validate rc=0 infer...
14:56:57.776: npu: infer rc=0
14:56:57.776: npu d2fc2p0: validate rc=0 infer...
14:56:57.776: npu: infer rc=0
14:56:57.903: npu d2fc1b: validate rc=0 infer...
14:56:57.903: npu: infer rc=0
14:56:57.903: npu d2fc2p1: validate rc=0 infer...
14:56:57.903: npu: infer rc=0
14:56:57.903: npu d2fc1c: validate rc=0 infer...
14:56:57.903: npu: infer rc=0
14:56:58.027: npu d2fc2p2: validate rc=0 infer...
14:56:58.027: npu: infer rc=0
14:56:58.027: npu d2fc1d: validate rc=0 infer...
14:56:58.027: npu: infer rc=0
14:56:58.039: npu d2fc2p3: validate rc=0 infer...
14:56:58.039: npu: infer rc=0
14:56:58.163: npu d3q: validate rc=0 infer...
14:56:58.163: npu: infer rc=0
14:56:58.163: npu d3k: validate rc=0 infer...
14:56:58.163: npu: infer rc=0
14:56:58.163: npu d3v: validate rc=0 infer...
14:56:58.163: npu: infer rc=0
14:56:58.285: npu d3out: validate rc=0 infer...
14:56:58.285: npu: infer rc=0
14:56:58.285: npu d3xq: validate rc=0 infer...
14:56:58.285: npu: infer rc=0
14:56:58.407: npu d3xout: validate rc=0 infer...
14:56:58.407: npu: infer rc=0
14:56:58.531: npu d3fc1a: validate rc=0 infer...
14:56:58.531: npu: infer rc=0
14:56:58.531: npu d3fc2p0: validate rc=0 infer...
14:56:58.531: npu: infer rc=0
14:56:58.531: npu d3fc1b: validate rc=0 infer...
14:56:58.531: npu: infer rc=0
14:56:58.657: npu d3fc2p1: validate rc=0 infer...
14:56:58.657: npu: infer rc=0
14:56:58.657: npu d3fc1c: validate rc=0 infer...
14:56:58.657: npu: infer rc=0
14:56:58.657: npu d3fc2p2: validate rc=0 infer...
14:56:58.657: npu: infer rc=0
14:56:58.780: npu d3fc1d: validate rc=0 infer...
14:56:58.780: npu: infer rc=0
14:56:58.780: npu d3fc2p3: validate rc=0 infer...
14:56:58.780: npu: infer rc=0
14:57:00.976:  Pittnpu d0q: validate rc=0 infer...
14:57:01.100: npu: infer rc=0
14:57:01.100: npu d0k: validate rc=0 infer...
14:57:01.100: npu: infer rc=0
14:57:01.112: npu d0v: validate rc=0 infer...
14:57:01.112: npu: infer rc=0
14:57:01.233: npu d0out: validate rc=0 infer...
14:57:01.233: npu: infer rc=0
14:57:01.233: npu d0xq: validate rc=0 infer...
14:57:01.233: npu: infer rc=0
14:57:01.354: npu d0xout: validate rc=0 infer...
14:57:01.354: npu: infer rc=0
14:57:01.480: npu d0fc1a: validate rc=0 infer...
14:57:01.480: npu: infer rc=0
14:57:01.480: npu d0fc2p0: validate rc=0 infer...
14:57:01.480: npu: infer rc=0
14:57:01.480: npu d0fc1b: validate rc=0 infer...
14:57:01.480: npu: infer rc=0
14:57:01.603: npu d0fc2p1: validate rc=0 infer...
14:57:01.603: npu: infer rc=0
14:57:01.603: npu d0fc1c: validate rc=0 infer...
14:57:01.603: npu: infer rc=0
14:57:01.603: npu d0fc2p2: validate rc=0 infer...
14:57:01.614: npu: infer rc=0
14:57:01.739: npu d0fc1d: validate rc=0 infer...
14:57:01.739: npu: infer rc=0
14:57:01.739: npu d0fc2p3: validate rc=0 infer...
14:57:01.739: npu: infer rc=0
14:57:01.739: npu d1q: validate rc=0 infer...
14:57:01.739: npu: infer rc=0
14:57:01.861: npu d1k: validate rc=0 infer...
14:57:01.861: npu: infer rc=0
14:57:01.861: npu d1v: validate rc=0 infer...
14:57:01.861: npu: infer rc=0
14:57:01.873: npu d1out: validate rc=0 infer...
14:57:01.873: npu: infer rc=0
14:57:01.993: npu d1xq: validate rc=0 infer...
14:57:01.993: npu: infer rc=0
14:57:02.116: npu d1xout: validate rc=0 infer...
14:57:02.116: npu: infer rc=0
14:57:02.116: npu d1fc1a: validate rc=0 infer...
14:57:02.116: npu: infer rc=0
14:57:02.242: npu d1fc2p0: validate rc=0 infer...
14:57:02.242: npu: infer rc=0
14:57:02.242: npu d1fc1b: validate rc=0 infer...
14:57:02.242: npu: infer rc=0
14:57:02.242: npu d1fc2p1: validate rc=0 infer...
14:57:02.242: npu: infer rc=0
14:57:02.369: npu d1fc1c: validate rc=0 infer...
14:57:02.369: npu: infer rc=0
14:57:02.369: npu d1fc2p2: validate rc=0 infer...
14:57:02.369: npu: infer rc=0
14:57:02.369: npu d1fc1d: validate rc=0 infer...
14:57:02.369: npu: infer rc=0
14:57:02.492: npu d1fc2p3: validate rc=0 infer...
14:57:02.492: npu: infer rc=0
14:57:02.492: npu d2q: validate rc=0 infer...
14:57:02.492: npu: infer rc=0
14:57:02.492: npu d2k: validate rc=0 infer...
14:57:02.502: npu: infer rc=0
14:57:02.626: npu d2v: validate rc=0 infer...
14:57:02.626: npu: infer rc=0
14:57:02.626: npu d2out: validate rc=0 infer...
14:57:02.626: npu: infer rc=0
14:57:02.626: npu d2xq: validate rc=0 infer...
14:57:02.626: npu: infer rc=0
14:57:02.860: npu d2xout: validate rc=0 infer...
14:57:02.860: npu: infer rc=0
14:57:02.860: npu d2fc1a: validate rc=0 infer...
14:57:02.860: npu: infer rc=0
14:57:02.860: npu d2fc2p0: validate rc=0 infer...
14:57:02.860: npu: infer rc=0
14:57:02.984: npu d2fc1b: validate rc=0 infer...
14:57:02.984: npu: infer rc=0
14:57:02.984: npu d2fc2p1: validate rc=0 infer...
14:57:02.984: npu: infer rc=0
14:57:02.984: npu d2fc1c: validate rc=0 infer...
14:57:02.984: npu: infer rc=0
14:57:03.108: npu d2fc2p2: validate rc=0 infer...
14:57:03.108: npu: infer rc=0
14:57:03.108: npu d2fc1d: validate rc=0 infer...
14:57:03.108: npu: infer rc=0
14:57:03.120: npu d2fc2p3: validate rc=0 infer...
14:57:03.120: npu: infer rc=0
14:57:03.245: npu d3q: validate rc=0 infer...
14:57:03.245: npu: infer rc=0
14:57:03.245: npu d3k: validate rc=0 infer...
14:57:03.245: npu: infer rc=0
14:57:03.245: npu d3v: validate rc=0 infer...
14:57:03.256: npu: infer rc=0
14:57:03.379: npu d3out: validate rc=0 infer...
14:57:03.379: npu: infer rc=0
14:57:03.379: npu d3xq: validate rc=0 infer...
14:57:03.379: npu: infer rc=0
14:57:03.500: npu d3xout: validate rc=0 infer...
14:57:03.500: npu: infer rc=0
14:57:03.624: npu d3fc1a: validate rc=0 infer...
14:57:03.624: npu: infer rc=0
14:57:03.624: npu d3fc2p0: validate rc=0 infer...
14:57:03.624: npu: infer rc=0
14:57:03.624: npu d3fc1b: validate rc=0 infer...
14:57:03.624: npu: infer rc=0
14:57:03.749: npu d3fc2p1: validate rc=0 infer...
14:57:03.749: npu: infer rc=0
14:57:03.749: npu d3fc1c: validate rc=0 infer...
14:57:03.749: npu: infer rc=0
14:57:03.749: npu d3fc2p2: validate rc=0 infer...
14:57:03.749: npu: infer rc=0
14:57:03.871: npu d3fc1d: validate rc=0 infer...
14:57:03.871: npu: infer rc=0
14:57:03.871: npu d3fc2p3: validate rc=0 infer...
14:57:03.871: npu: infer rc=0
14:57:06.062:  Pittnpu d0q: validate rc=0 infer...
14:57:06.184: npu: infer rc=0
14:57:06.184: npu d0k: validate rc=0 infer...
14:57:06.184: npu: infer rc=0
14:57:06.197: npu d0v: validate rc=0 infer...
14:57:06.197: npu: infer rc=0
14:57:06.321: npu d0out: validate rc=0 infer...
14:57:06.321: npu: infer rc=0
14:57:06.321: npu d0xq: validate rc=0 infer...
14:57:06.321: npu: infer rc=0
14:57:06.442: npu d0xout: validate rc=0 infer...
14:57:06.442: npu: infer rc=0
14:57:06.570: npu d0fc1a: validate rc=0 infer...
14:57:06.570: npu: infer rc=0
14:57:06.570: npu d0fc2p0: validate rc=0 infer...
14:57:06.570: npu: infer rc=0
14:57:06.570: npu d0fc1b: validate rc=0 infer...
14:57:06.570: npu: infer rc=0
14:57:06.696: npu d0fc2p1: validate rc=0 infer...
14:57:06.696: npu: infer rc=0
14:57:06.696: npu d0fc1c: validate rc=0 infer...
14:57:06.696: npu: infer rc=0
14:57:06.696: npu d0fc2p2: validate rc=0 infer...
14:57:06.696: npu: infer rc=0
14:57:06.817: npu d0fc1d: validate rc=0 infer...
14:57:06.817: npu: infer rc=0
14:57:06.817: npu d0fc2p3: validate rc=0 infer...
14:57:06.817: npu: infer rc=0
14:57:06.828: npu d1q: validate rc=0 infer...
14:57:06.828: npu: infer rc=0
14:57:06.953: npu d1k: validate rc=0 infer...
14:57:06.953: npu: infer rc=0
14:57:06.953: npu d1v: validate rc=0 infer...
14:57:06.953: npu: infer rc=0
14:57:06.953: npu d1out: validate rc=0 infer...
14:57:06.953: npu: infer rc=0
14:57:07.075: npu d1xq: validate rc=0 infer...
14:57:07.075: npu: infer rc=0
14:57:07.199: npu d1xout: validate rc=0 infer...
14:57:07.199: npu: infer rc=0
14:57:07.199: npu d1fc1a: validate rc=0 infer...
14:57:07.199: npu: infer rc=0
14:57:07.323: npu d1fc2p0: validate rc=0 infer...
14:57:07.323: npu: infer rc=0
14:57:07.323: npu d1fc1b: validate rc=0 infer...
14:57:07.323: npu: infer rc=0
14:57:07.323: npu d1fc2p1: validate rc=0 infer...
14:57:07.323: npu: infer rc=0
14:57:07.447: npu d1fc1c: validate rc=0 infer...
14:57:07.447: npu: infer rc=0
14:57:07.447: npu d1fc2p2: validate rc=0 infer...
14:57:07.447: npu: infer rc=0
14:57:07.447: npu d1fc1d: validate rc=0 infer...
14:57:07.447: npu: infer rc=0
14:57:07.570: npu d1fc2p3: validate rc=0 infer...
14:57:07.570: npu: infer rc=0
14:57:07.570: npu d2q: validate rc=0 infer...
14:57:07.570: npu: infer rc=0
14:57:07.582: npu d2k: validate rc=0 infer...
14:57:07.582: npu: infer rc=0
14:57:07.704: npu d2v: validate rc=0 infer...
14:57:07.704: npu: infer rc=0
14:57:07.704: npu d2out: validate rc=0 infer...
14:57:07.704: npu: infer rc=0
14:57:07.715: npu d2xq: validate rc=0 infer...
14:57:07.715: npu: infer rc=0
14:57:07.950: npu d2xout: validate rc=0 infer...
14:57:07.950: npu: infer rc=0
14:57:07.950: npu d2fc1a: validate rc=0 infer...
14:57:07.950: npu: infer rc=0
14:57:07.950: npu d2fc2p0: validate rc=0 infer...
14:57:07.950: npu: infer rc=0
14:57:08.074: npu d2fc1b: validate rc=0 infer...
14:57:08.074: npu: infer rc=0
14:57:08.074: npu d2fc2p1: validate rc=0 infer...
14:57:08.074: npu: infer rc=0
14:57:08.074: npu d2fc1c: validate rc=0 infer...
14:57:08.074: npu: infer rc=0
14:57:08.196: npu d2fc2p2: validate rc=0 infer...
14:57:08.196: npu: infer rc=0
14:57:08.196: npu d2fc1d: validate rc=0 infer...
14:57:08.196: npu: infer rc=0
14:57:08.207: npu d2fc2p3: validate rc=0 infer...
14:57:08.207: npu: infer rc=0
14:57:08.331: npu d3q: validate rc=0 infer...
14:57:08.331: npu: infer rc=0
14:57:08.331: npu d3k: validate rc=0 infer...
14:57:08.331: npu: infer rc=0
14:57:08.331: npu d3v: validate rc=0 infer...
14:57:08.331: npu: infer rc=0
14:57:08.454: npu d3out: validate rc=0 infer...
14:57:08.454: npu: infer rc=0
14:57:08.454: npu d3xq: validate rc=0 infer...
14:57:08.454: npu: infer rc=0
14:57:08.577: npu d3xout: validate rc=0 infer...
14:57:08.577: npu: infer rc=0
14:57:08.702: npu d3fc1a: validate rc=0 infer...
14:57:08.702: npu: infer rc=0
14:57:08.702: npu d3fc2p0: validate rc=0 infer...
14:57:08.702: npu: infer rc=0
14:57:08.702: npu d3fc1b: validate rc=0 infer...
14:57:08.702: npu: infer rc=0
14:57:08.828: npu d3fc2p1: validate rc=0 infer...
14:57:08.828: npu: infer rc=0
14:57:08.828: npu d3fc1c: validate rc=0 infer...
14:57:08.828: npu: infer rc=0
14:57:08.828: npu d3fc2p2: validate rc=0 infer...
14:57:08.828: npu: infer rc=0
14:57:08.951: npu d3fc1d: validate rc=0 infer...
14:57:08.951: npu: infer rc=0
14:57:08.951: npu d3fc2p3: validate rc=0 infer...
14:57:08.951: npu: infer rc=0
14:57:11.139:  Pittnpu d0q: validate rc=0 infer...
14:57:11.261: npu: infer rc=0
14:57:11.261: npu d0k: validate rc=0 infer...
14:57:11.261: npu: infer rc=0
14:57:11.385: npu d0v: validate rc=0 infer...
14:57:11.385: npu: infer rc=0
14:57:11.385: npu d0out: validate rc=0 infer...
14:57:11.385: npu: infer rc=0
14:57:11.385: npu d0xq: validate rc=0 infer...
14:57:11.385: npu: infer rc=0
14:57:11.507: npu d0xout: validate rc=0 infer...
14:57:11.507: npu: infer rc=0
14:57:11.632: npu d0fc1a: validate rc=0 infer...
14:57:11.632: npu: infer rc=0
14:57:11.632: npu d0fc2p0: validate rc=0 infer...
14:57:11.632: npu: infer rc=0
14:57:11.643: npu d0fc1b: validate rc=0 infer...
14:57:11.643: npu: infer rc=0
14:57:11.767: npu d0fc2p1: validate rc=0 infer...
14:57:11.767: npu: infer rc=0
14:57:11.767: npu d0fc1c: validate rc=0 infer...
14:57:11.767: npu: infer rc=0
14:57:11.780: npu d0fc2p2: validate rc=0 infer...
14:57:11.780: npu: infer rc=0
14:57:11.905: npu d0fc1d: validate rc=0 infer...
14:57:11.905: npu: infer rc=0
14:57:11.905: npu d0fc2p3: validate rc=0 infer...
14:57:11.905: npu: infer rc=0
14:57:11.905: npu d1q: validate rc=0 infer...
14:57:11.916: npu: infer rc=0
14:57:12.043: npu d1k: validate rc=0 infer...
14:57:12.043: npu: infer rc=0
14:57:12.043: npu d1v: validate rc=0 infer...
14:57:12.043: npu: infer rc=0
14:57:12.043: npu d1out: validate rc=0 infer...
14:57:12.043: npu: infer rc=0
14:57:12.164: npu d1xq: validate rc=0 infer...
14:57:12.164: npu: infer rc=0
14:57:12.288: npu d1xout: validate rc=0 infer...
14:57:12.288: npu: infer rc=0
14:57:12.288: npu d1fc1a: validate rc=0 infer...
14:57:12.288: npu: infer rc=0
14:57:12.412: npu d1fc2p0: validate rc=0 infer...
14:57:12.412: npu: infer rc=0
14:57:12.412: npu d1fc1b: validate rc=0 infer...
14:57:12.412: npu: infer rc=0
14:57:12.412: npu d1fc2p1: validate rc=0 infer...
14:57:12.412: npu: infer rc=0
14:57:12.537: npu d1fc1c: validate rc=0 infer...
14:57:12.537: npu: infer rc=0
14:57:12.537: npu d1fc2p2: validate rc=0 infer...
14:57:12.537: npu: infer rc=0
14:57:12.537: npu d1fc1d: validate rc=0 infer...
14:57:12.537: npu: infer rc=0
14:57:12.659: npu d1fc2p3: validate rc=0 infer...
14:57:12.659: npu: infer rc=0
14:57:12.659: npu d2q: validate rc=0 infer...
14:57:12.659: npu: infer rc=0
14:57:12.671: npu d2k: validate rc=0 infer...
14:57:12.671: npu: infer rc=0
14:57:12.795: npu d2v: validate rc=0 infer...
14:57:12.795: npu: infer rc=0
14:57:12.795: npu d2out: validate rc=0 infer...
14:57:12.795: npu: infer rc=0
14:57:12.795: npu d2xq: validate rc=0 infer...
14:57:12.806: npu: infer rc=0
14:57:13.042: npu d2xout: validate rc=0 infer...
14:57:13.042: npu: infer rc=0
14:57:13.042: npu d2fc1a: validate rc=0 infer...
14:57:13.042: npu: infer rc=0
14:57:13.042: npu d2fc2p0: validate rc=0 infer...
14:57:13.042: npu: infer rc=0
14:57:13.167: npu d2fc1b: validate rc=0 infer...
14:57:13.167: npu: infer rc=0
14:57:13.167: npu d2fc2p1: validate rc=0 infer...
14:57:13.167: npu: infer rc=0
14:57:13.167: npu d2fc1c: validate rc=0 infer...
14:57:13.167: npu: infer rc=0
14:57:13.292: npu d2fc2p2: validate rc=0 infer...
14:57:13.292: npu: infer rc=0
14:57:13.292: npu d2fc1d: validate rc=0 infer...
14:57:13.292: npu: infer rc=0
14:57:13.292: npu d2fc2p3: validate rc=0 infer...
14:57:13.292: npu: infer rc=0
14:57:13.416: npu d3q: validate rc=0 infer...
14:57:13.416: npu: infer rc=0
14:57:13.416: npu d3k: validate rc=0 infer...
14:57:13.416: npu: infer rc=0
14:57:13.416: npu d3v: validate rc=0 infer...
14:57:13.416: npu: infer rc=0
14:57:13.539: npu d3out: validate rc=0 infer...
14:57:13.539: npu: infer rc=0
14:57:13.539: npu d3xq: validate rc=0 infer...
14:57:13.539: npu: infer rc=0
14:57:13.661: npu d3xout: validate rc=0 infer...
14:57:13.661: npu: infer rc=0
14:57:13.785: npu d3fc1a: validate rc=0 infer...
14:57:13.785: npu: infer rc=0
14:57:13.785: npu d3fc2p0: validate rc=0 infer...
14:57:13.785: npu: infer rc=0
14:57:13.785: npu d3fc1b: validate rc=0 infer...
14:57:13.785: npu: infer rc=0
14:57:13.911: npu d3fc2p1: validate rc=0 infer...
14:57:13.911: npu: infer rc=0
14:57:13.911: npu d3fc1c: validate rc=0 infer...
14:57:13.911: npu: infer rc=0
14:57:13.911: npu d3fc2p2: validate rc=0 infer...
14:57:13.911: npu: infer rc=0
14:57:14.035: npu d3fc1d: validate rc=0 infer...
14:57:14.035: npu: infer rc=0
14:57:14.035: npu d3fc2p3: validate rc=0 infer...
14:57:14.035: npu: infer rc=0
14:57:16.223:  Pittnpu d0q: validate rc=0 infer...
14:57:16.344: npu: infer rc=0
14:57:16.344: npu d0k: validate rc=0 infer...
14:57:16.344: npu: infer rc=0
14:57:16.469: npu d0v: validate rc=0 infer...
14:57:16.469: npu: infer rc=0
14:57:16.469: npu d0out: validate rc=0 infer...
14:57:16.469: npu: infer rc=0
14:57:16.469: npu d0xq: validate rc=0 infer...
14:57:16.469: npu: infer rc=0
14:57:16.591: npu d0xout: validate rc=0 infer...
14:57:16.601: npu: infer rc=0
14:57:16.725: npu d0fc1a: validate rc=0 infer...
14:57:16.725: npu: infer rc=0
14:57:16.725: npu d0fc2p0: validate rc=0 infer...
14:57:16.725: npu: infer rc=0
14:57:16.737: npu d0fc1b: validate rc=0 infer...
14:57:16.737: npu: infer rc=0
14:57:16.862: npu d0fc2p1: validate rc=0 infer...
14:57:16.862: npu: infer rc=0
14:57:16.862: npu d0fc1c: validate rc=0 infer...
14:57:16.862: npu: infer rc=0
14:57:16.862: npu d0fc2p2: validate rc=0 infer...
14:57:16.862: npu: infer rc=0
14:57:16.985: npu d0fc1d: validate rc=0 infer...
14:57:16.985: npu: infer rc=0
14:57:16.985: npu d0fc2p3: validate rc=0 infer...
14:57:16.985: npu: infer rc=0
14:57:16.997: npu d1q: validate rc=0 infer...
14:57:16.997: npu: infer rc=0
14:57:17.122: npu d1k: validate rc=0 infer...
14:57:17.122: npu: infer rc=0
14:57:17.122: npu d1v: validate rc=0 infer...
14:57:17.122: npu: infer rc=0
14:57:17.122: npu d1out: validate rc=0 infer...
14:57:17.122: npu: infer rc=0
14:57:17.244: npu d1xq: validate rc=0 infer...
14:57:17.244: npu: infer rc=0
14:57:17.366: npu d1xout: validate rc=0 infer...
14:57:17.366: npu: infer rc=0
14:57:17.366: npu d1fc1a: validate rc=0 infer...
14:57:17.366: npu: infer rc=0
14:57:17.490: npu d1fc2p0: validate rc=0 infer...
14:57:17.490: npu: infer rc=0
14:57:17.490: npu d1fc1b: validate rc=0 infer...
14:57:17.490: npu: infer rc=0
14:57:17.490: npu d1fc2p1: validate rc=0 infer...
14:57:17.490: npu: infer rc=0
14:57:17.614: npu d1fc1c: validate rc=0 infer...
14:57:17.614: npu: infer rc=0
14:57:17.614: npu d1fc2p2: validate rc=0 infer...
14:57:17.614: npu: infer rc=0
14:57:17.614: npu d1fc1d: validate rc=0 infer...
14:57:17.625: npu: infer rc=0
14:57:17.750: npu d1fc2p3: validate rc=0 infer...
14:57:17.750: npu: infer rc=0
14:57:17.750: npu d2q: validate rc=0 infer...
14:57:17.750: npu: infer rc=0
14:57:17.750: npu d2k: validate rc=0 infer...
14:57:17.750: npu: infer rc=0
14:57:17.872: npu d2v: validate rc=0 infer...
14:57:17.872: npu: infer rc=0
14:57:17.872: npu d2out: validate rc=0 infer...
14:57:17.872: npu: infer rc=0
14:57:17.884: npu d2xq: validate rc=0 infer...
14:57:17.884: npu: infer rc=0
14:57:18.117: npu d2xout: validate rc=0 infer...
14:57:18.117: npu: infer rc=0
14:57:18.117: npu d2fc1a: validate rc=0 infer...
14:57:18.117: npu: infer rc=0
14:57:18.117: npu d2fc2p0: validate rc=0 infer...
14:57:18.117: npu: infer rc=0
14:57:18.242: npu d2fc1b: validate rc=0 infer...
14:57:18.242: npu: infer rc=0
14:57:18.242: npu d2fc2p1: validate rc=0 infer...
14:57:18.242: npu: infer rc=0
14:57:18.242: npu d2fc1c: validate rc=0 infer...
14:57:18.242: npu: infer rc=0
14:57:18.368: npu d2fc2p2: validate rc=0 infer...
14:57:18.368: npu: infer rc=0
14:57:18.368: npu d2fc1d: validate rc=0 infer...
14:57:18.368: npu: infer rc=0
14:57:18.368: npu d2fc2p3: validate rc=0 infer...
14:57:18.380: npu: infer rc=0
14:57:18.504: npu d3q: validate rc=0 infer...
14:57:18.504: npu: infer rc=0
14:57:18.504: npu d3k: validate rc=0 infer...
14:57:18.504: npu: infer rc=0
14:57:18.504: npu d3v: validate rc=0 infer...
14:57:18.504: npu: infer rc=0
14:57:18.627: npu d3out: validate rc=0 infer...
14:57:18.627: npu: infer rc=0
14:57:18.627: npu d3xq: validate rc=0 infer...
14:57:18.627: npu: infer rc=0
14:57:18.751: npu d3xout: validate rc=0 infer...
14:57:18.751: npu: infer rc=0
14:57:18.874: npu d3fc1a: validate rc=0 infer...
14:57:18.874: npu: infer rc=0
14:57:18.874: npu d3fc2p0: validate rc=0 infer...
14:57:18.874: npu: infer rc=0
14:57:18.874: npu d3fc1b: validate rc=0 infer...
14:57:18.874: npu: infer rc=0
14:57:18.999: npu d3fc2p1: validate rc=0 infer...
14:57:18.999: npu: infer rc=0
14:57:18.999: npu d3fc1c: validate rc=0 infer...
14:57:18.999: npu: infer rc=0
14:57:18.999: npu d3fc2p2: validate rc=0 infer...
14:57:18.999: npu: infer rc=0
14:57:19.123: npu d3fc1d: validate rc=0 infer...
14:57:19.123: npu: infer rc=0
14:57:19.123: npu d3fc2p3: validate rc=0 infer...
14:57:19.123: npu: infer rc=0
14:57:21.318:  Pittnpu d0q: validate rc=0 infer...
14:57:21.442: npu: infer rc=0
14:57:21.442: npu d0k: validate rc=0 infer...
14:57:21.442: npu: infer rc=0
14:57:21.455: npu d0v: validate rc=0 infer...
14:57:21.455: npu: infer rc=0
14:57:21.579: npu d0out: validate rc=0 infer...
14:57:21.579: npu: infer rc=0
14:57:21.579: npu d0xq: validate rc=0 infer...
14:57:21.579: npu: infer rc=0
14:57:21.702: npu d0xout: validate rc=0 infer...
14:57:21.702: npu: infer rc=0
14:57:21.827: npu d0fc1a: validate rc=0 infer...
14:57:21.827: npu: infer rc=0
14:57:21.827: npu d0fc2p0: validate rc=0 infer...
14:57:21.827: npu: infer rc=0
14:57:21.827: npu d0fc1b: validate rc=0 infer...
14:57:21.827: npu: infer rc=0
14:57:21.953: npu d0fc2p1: validate rc=0 infer...
14:57:21.953: npu: infer rc=0
14:57:21.953: npu d0fc1c: validate rc=0 infer...
14:57:21.953: npu: infer rc=0
14:57:21.953: npu d0fc2p2: validate rc=0 infer...
14:57:21.953: npu: infer rc=0
14:57:22.077: npu d0fc1d: validate rc=0 infer...
14:57:22.077: npu: infer rc=0
14:57:22.077: npu d0fc2p3: validate rc=0 infer...
14:57:22.077: npu: infer rc=0
14:57:22.077: npu d1q: validate rc=0 infer...
14:57:22.088: npu: infer rc=0
14:57:22.212: npu d1k: validate rc=0 infer...
14:57:22.212: npu: infer rc=0
14:57:22.212: npu d1v: validate rc=0 infer...
14:57:22.212: npu: infer rc=0
14:57:22.212: npu d1out: validate rc=0 infer...
14:57:22.212: npu: infer rc=0
14:57:22.333: npu d1xq: validate rc=0 infer...
14:57:22.333: npu: infer rc=0
14:57:22.456: npu d1xout: validate rc=0 infer...
14:57:22.456: npu: infer rc=0
14:57:22.456: npu d1fc1a: validate rc=0 infer...
14:57:22.456: npu: infer rc=0
14:57:22.581: npu d1fc2p0: validate rc=0 infer...
14:57:22.581: npu: infer rc=0
14:57:22.581: npu d1fc1b: validate rc=0 infer...
14:57:22.581: npu: infer rc=0
14:57:22.581: npu d1fc2p1: validate rc=0 infer...
14:57:22.581: npu: infer rc=0
14:57:22.708: npu d1fc1c: validate rc=0 infer...
14:57:22.708: npu: infer rc=0
14:57:22.708: npu d1fc2p2: validate rc=0 infer...
14:57:22.708: npu: infer rc=0
14:57:22.708: npu d1fc1d: validate rc=0 infer...
14:57:22.708: npu: infer rc=0
14:57:22.831: npu d1fc2p3: validate rc=0 infer...
14:57:22.831: npu: infer rc=0
14:57:22.831: npu d2q: validate rc=0 infer...
14:57:22.831: npu: infer rc=0
14:57:22.843: npu d2k: validate rc=0 infer...
14:57:22.843: npu: infer rc=0
14:57:22.966: npu d2v: validate rc=0 infer...
14:57:22.966: npu: infer rc=0
14:57:22.966: npu d2out: validate rc=0 infer...
14:57:22.966: npu: infer rc=0
14:57:22.966: npu d2xq: validate rc=0 infer...
14:57:22.977: npu: infer rc=0
14:57:23.211: npu d2xout: validate rc=0 infer...
14:57:23.211: npu: infer rc=0
14:57:23.211: npu d2fc1a: validate rc=0 infer...
14:57:23.211: npu: infer rc=0
14:57:23.211: npu d2fc2p0: validate rc=0 infer...
14:57:23.211: npu: infer rc=0
14:57:23.337: npu d2fc1b: validate rc=0 infer...
14:57:23.337: npu: infer rc=0
14:57:23.337: npu d2fc2p1: validate rc=0 infer...
14:57:23.337: npu: infer rc=0
14:57:23.337: npu d2fc1c: validate rc=0 infer...
14:57:23.337: npu: infer rc=0
14:57:23.462: npu d2fc2p2: validate rc=0 infer...
14:57:23.462: npu: infer rc=0
14:57:23.462: npu d2fc1d: validate rc=0 infer...
14:57:23.462: npu: infer rc=0
14:57:23.462: npu d2fc2p3: validate rc=0 infer...
14:57:23.462: npu: infer rc=0
14:57:23.586: npu d3q: validate rc=0 infer...
14:57:23.586: npu: infer rc=0
14:57:23.586: npu d3k: validate rc=0 infer...
14:57:23.586: npu: infer rc=0
14:57:23.586: npu d3v: validate rc=0 infer...
14:57:23.597: npu: infer rc=0
14:57:23.720: npu d3out: validate rc=0 infer...
14:57:23.720: npu: infer rc=0
14:57:23.720: npu d3xq: validate rc=0 infer...
14:57:23.720: npu: infer rc=0
14:57:23.842: npu d3xout: validate rc=0 infer...
14:57:23.842: npu: infer rc=0
14:57:23.966: npu d3fc1a: validate rc=0 infer...
14:57:23.966: npu: infer rc=0
14:57:23.966: npu d3fc2p0: validate rc=0 infer...
14:57:23.966: npu: infer rc=0
14:57:23.966: npu d3fc1b: validate rc=0 infer...
14:57:23.966: npu: infer rc=0
14:57:24.093: npu d3fc2p1: validate rc=0 infer...
14:57:24.093: npu: infer rc=0
14:57:24.093: npu d3fc1c: validate rc=0 infer...
14:57:24.093: npu: infer rc=0
14:57:24.093: npu d3fc2p2: validate rc=0 infer...
14:57:24.093: npu: infer rc=0
14:57:24.216: npu d3fc1d: validate rc=0 infer...
14:57:24.216: npu: infer rc=0
14:57:24.216: npu d3fc2p3: validate rc=0 infer...
14:57:24.216: npu: infer rc=0
14:57:26.406:  Pittnpu d0q: validate rc=0 infer...
14:57:26.529: npu: infer rc=0
14:57:26.529: npu d0k: validate rc=0 infer...
14:57:26.529: npu: infer rc=0
14:57:26.541: npu d0v: validate rc=0 infer...
14:57:26.541: npu: infer rc=0
14:57:26.664: npu d0out: validate rc=0 infer...
14:57:26.664: npu: infer rc=0
14:57:26.664: npu d0xq: validate rc=0 infer...
14:57:26.664: npu: infer rc=0
14:57:26.787: npu d0xout: validate rc=0 infer...
14:57:26.787: npu: infer rc=0
14:57:26.912: npu d0fc1a: validate rc=0 infer...
14:57:26.912: npu: infer rc=0
14:57:26.912: npu d0fc2p0: validate rc=0 infer...
14:57:26.912: npu: infer rc=0
14:57:26.912: npu d0fc1b: validate rc=0 infer...
14:57:26.912: npu: infer rc=0
14:57:27.037: npu d0fc2p1: validate rc=0 infer...
14:57:27.037: npu: infer rc=0
14:57:27.037: npu d0fc1c: validate rc=0 infer...
14:57:27.037: npu: infer rc=0
14:57:27.037: npu d0fc2p2: validate rc=0 infer...
14:57:27.037: npu: infer rc=0
14:57:27.159: npu d0fc1d: validate rc=0 infer...
14:57:27.159: npu: infer rc=0
14:57:27.159: npu d0fc2p3: validate rc=0 infer...
14:57:27.159: npu: infer rc=0
14:57:27.171: npu d1q: validate rc=0 infer...
14:57:27.171: npu: infer rc=0
14:57:27.298: npu d1k: validate rc=0 infer...
14:57:27.298: npu: infer rc=0
14:57:27.298: npu d1v: validate rc=0 infer...
14:57:27.298: npu: infer rc=0
14:57:27.298: npu d1out: validate rc=0 infer...
14:57:27.298: npu: infer rc=0
14:57:27.419: npu d1xq: validate rc=0 infer...
14:57:27.419: npu: infer rc=0
14:57:27.543: npu d1xout: validate rc=0 infer...
14:57:27.543: npu: infer rc=0
14:57:27.543: npu d1fc1a: validate rc=0 infer...
14:57:27.543: npu: infer rc=0
14:57:27.668: npu d1fc2p0: validate rc=0 infer...
14:57:27.668: npu: infer rc=0
14:57:27.668: npu d1fc1b: validate rc=0 infer...
14:57:27.668: npu: infer rc=0
14:57:27.668: npu d1fc2p1: validate rc=0 infer...
14:57:27.668: npu: infer rc=0
14:57:27.793: npu d1fc1c: validate rc=0 infer...
14:57:27.793: npu: infer rc=0
14:57:27.793: npu d1fc2p2: validate rc=0 infer...
14:57:27.793: npu: infer rc=0
14:57:27.793: npu d1fc1d: validate rc=0 infer...
14:57:27.793: npu: infer rc=0
14:57:27.919: npu d1fc2p3: validate rc=0 infer...
14:57:27.919: npu: infer rc=0
14:57:27.919: npu d2q: validate rc=0 infer...
14:57:27.919: npu: infer rc=0
14:57:27.919: npu d2k: validate rc=0 infer...
14:57:27.930: npu: infer rc=0
14:57:28.054: npu d2v: validate rc=0 infer...
14:57:28.054: npu: infer rc=0
14:57:28.054: npu d2out: validate rc=0 infer...
14:57:28.054: npu: infer rc=0
14:57:28.054: npu d2xq: validate rc=0 infer...
14:57:28.054: npu: infer rc=0
14:57:28.289: npu d2xout: validate rc=0 infer...
14:57:28.289: npu: infer rc=0
14:57:28.289: npu d2fc1a: validate rc=0 infer...
14:57:28.289: npu: infer rc=0
14:57:28.289: npu d2fc2p0: validate rc=0 infer...
14:57:28.289: npu: infer rc=0
14:57:28.413: npu d2fc1b: validate rc=0 infer...
14:57:28.413: npu: infer rc=0
14:57:28.413: npu d2fc2p1: validate rc=0 infer...
14:57:28.413: npu: infer rc=0
14:57:28.413: npu d2fc1c: validate rc=0 infer...
14:57:28.413: npu: infer rc=0
14:57:28.539: npu d2fc2p2: validate rc=0 infer...
14:57:28.539: npu: infer rc=0
14:57:28.539: npu d2fc1d: validate rc=0 infer...
14:57:28.539: npu: infer rc=0
14:57:28.539: npu d2fc2p3: validate rc=0 infer...
14:57:28.549: npu: infer rc=0
14:57:28.676: npu d3q: validate rc=0 infer...
14:57:28.676: npu: infer rc=0
14:57:28.676: npu d3k: validate rc=0 infer...
14:57:28.676: npu: infer rc=0
14:57:28.676: npu d3v: validate rc=0 infer...
14:57:28.676: npu: infer rc=0
14:57:28.801: npu d3out: validate rc=0 infer...
14:57:28.801: npu: infer rc=0
14:57:28.801: npu d3xq: validate rc=0 infer...
14:57:28.801: npu: infer rc=0
14:57:28.921: npu d3xout: validate rc=0 infer...
14:57:28.921: npu: infer rc=0
14:57:29.046: npu d3fc1a: validate rc=0 infer...
14:57:29.046: npu: infer rc=0
14:57:29.046: npu d3fc2p0: validate rc=0 infer...
14:57:29.046: npu: infer rc=0
14:57:29.046: npu d3fc1b: validate rc=0 infer...
14:57:29.046: npu: infer rc=0
14:57:29.171: npu d3fc2p1: validate rc=0 infer...
14:57:29.171: npu: infer rc=0
14:57:29.171: npu d3fc1c: validate rc=0 infer...
14:57:29.171: npu: infer rc=0
14:57:29.171: npu d3fc2p2: validate rc=0 infer...
14:57:29.171: npu: infer rc=0
14:57:29.294: npu d3fc1d: validate rc=0 infer...
14:57:29.294: npu: infer rc=0
14:57:29.294: npu d3fc2p3: validate rc=0 infer...
14:57:29.294: npu: infer rc=0
14:57:31.492:  Pittnpu d0q: validate rc=0 infer...
14:57:31.615: npu: infer rc=0
14:57:31.615: npu d0k: validate rc=0 infer...
14:57:31.615: npu: infer rc=0
14:57:31.627: npu d0v: validate rc=0 infer...
14:57:31.627: npu: infer rc=0
14:57:31.750: npu d0out: validate rc=0 infer...
14:57:31.750: npu: infer rc=0
14:57:31.750: npu d0xq: validate rc=0 infer...
14:57:31.750: npu: infer rc=0
14:57:31.870: npu d0xout: validate rc=0 infer...
14:57:31.870: npu: infer rc=0
14:57:31.995: npu d0fc1a: validate rc=0 infer...
14:57:31.995: npu: infer rc=0
14:57:31.995: npu d0fc2p0: validate rc=0 infer...
14:57:31.995: npu: infer rc=0
14:57:31.995: npu d0fc1b: validate rc=0 infer...
14:57:31.995: npu: infer rc=0
14:57:32.122: npu d0fc2p1: validate rc=0 infer...
14:57:32.122: npu: infer rc=0
14:57:32.122: npu d0fc1c: validate rc=0 infer...
14:57:32.122: npu: infer rc=0
14:57:32.122: npu d0fc2p2: validate rc=0 infer...
14:57:32.122: npu: infer rc=0
14:57:32.245: npu d0fc1d: validate rc=0 infer...
14:57:32.245: npu: infer rc=0
14:57:32.245: npu d0fc2p3: validate rc=0 infer...
14:57:32.245: npu: infer rc=0
14:57:32.258: npu d1q: validate rc=0 infer...
14:57:32.258: npu: infer rc=0
14:57:32.383: npu d1k: validate rc=0 infer...
14:57:32.383: npu: infer rc=0
14:57:32.383: npu d1v: validate rc=0 infer...
14:57:32.383: npu: infer rc=0
14:57:32.383: npu d1out: validate rc=0 infer...
14:57:32.383: npu: infer rc=0
14:57:32.504: npu d1xq: validate rc=0 infer...
14:57:32.504: npu: infer rc=0
14:57:32.627: npu d1xout: validate rc=0 infer...
14:57:32.627: npu: infer rc=0
14:57:32.627: npu d1fc1a: validate rc=0 infer...
14:57:32.627: npu: infer rc=0
14:57:32.753: npu d1fc2p0: validate rc=0 infer...
14:57:32.753: npu: infer rc=0
14:57:32.753: npu d1fc1b: validate rc=0 infer...
14:57:32.753: npu: infer rc=0
14:57:32.753: npu d1fc2p1: validate rc=0 infer...
14:57:32.753: npu: infer rc=0
14:57:32.877: npu d1fc1c: validate rc=0 infer...
14:57:32.877: npu: infer rc=0
14:57:32.877: npu d1fc2p2: validate rc=0 infer...
14:57:32.877: npu: infer rc=0
14:57:32.877: npu d1fc1d: validate rc=0 infer...
14:57:32.877: npu: infer rc=0
14:57:33.000: npu d1fc2p3: validate rc=0 infer...
14:57:33.000: npu: infer rc=0
14:57:33.000: npu d2q: validate rc=0 infer...
14:57:33.000: npu: infer rc=0
14:57:33.012: npu d2k: validate rc=0 infer...
14:57:33.012: npu: infer rc=0
14:57:33.138: npu d2v: validate rc=0 infer...
14:57:33.138: npu: infer rc=0
14:57:33.138: npu d2out: validate rc=0 infer...
14:57:33.138: npu: infer rc=0
14:57:33.138: npu d2xq: validate rc=0 infer...
14:57:33.148: npu: infer rc=0
14:57:33.382: npu d2xout: validate rc=0 infer...
14:57:33.382: npu: infer rc=0
14:57:33.382: npu d2fc1a: validate rc=0 infer...
14:57:33.382: npu: infer rc=0
14:57:33.382: npu d2fc2p0: validate rc=0 infer...
14:57:33.382: npu: infer rc=0
14:57:33.507: npu d2fc1b: validate rc=0 infer...
14:57:33.507: npu: infer rc=0
14:57:33.507: npu d2fc2p1: validate rc=0 infer...
14:57:33.507: npu: infer rc=0
14:57:33.507: npu d2fc1c: validate rc=0 infer...
14:57:33.507: npu: infer rc=0
14:57:33.634: npu d2fc2p2: validate rc=0 infer...
14:57:33.634: npu: infer rc=0
14:57:33.634: npu d2fc1d: validate rc=0 infer...
14:57:33.634: npu: infer rc=0
14:57:33.634: npu d2fc2p3: validate rc=0 infer...
14:57:33.634: npu: infer rc=0
14:57:33.759: npu d3q: validate rc=0 infer...
14:57:33.759: npu: infer rc=0
14:57:33.759: npu d3k: validate rc=0 infer...
14:57:33.759: npu: infer rc=0
14:57:33.759: npu d3v: validate rc=0 infer...
14:57:33.759: npu: infer rc=0
14:57:33.882: npu d3out: validate rc=0 infer...
14:57:33.882: npu: infer rc=0
14:57:33.882: npu d3xq: validate rc=0 infer...
14:57:33.882: npu: infer rc=0
14:57:34.003: npu d3xout: validate rc=0 infer...
14:57:34.003: npu: infer rc=0
14:57:34.128: npu d3fc1a: validate rc=0 infer...
14:57:34.128: npu: infer rc=0
14:57:34.128: npu d3fc2p0: validate rc=0 infer...
14:57:34.128: npu: infer rc=0
14:57:34.128: npu d3fc1b: validate rc=0 infer...
14:57:34.128: npu: infer rc=0
14:57:34.254: npu d3fc2p1: validate rc=0 infer...
14:57:34.254: npu: infer rc=0
14:57:34.254: npu d3fc1c: validate rc=0 infer...
14:57:34.254: npu: infer rc=0
14:57:34.254: npu d3fc2p2: validate rc=0 infer...
14:57:34.254: npu: infer rc=0
14:57:34.377: npu d3fc1d: validate rc=0 infer...
14:57:34.377: npu: infer rc=0
14:57:34.377: npu d3fc2p3: validate rc=0 infer...
14:57:34.377: npu: infer rc=0
14:57:36.577:  Pittnpu d0q: validate rc=0 infer...
14:57:36.701: npu: infer rc=0
14:57:36.701: npu d0k: validate rc=0 infer...
14:57:36.701: npu: infer rc=0
14:57:36.712: npu d0v: validate rc=0 infer...
14:57:36.712: npu: infer rc=0
14:57:36.835: npu d0out: validate rc=0 infer...
14:57:36.835: npu: infer rc=0
14:57:36.835: npu d0xq: validate rc=0 infer...
14:57:36.835: npu: infer rc=0
14:57:36.956: npu d0xout: validate rc=0 infer...
14:57:36.956: npu: infer rc=0
14:57:37.080: npu d0fc1a: validate rc=0 infer...
14:57:37.080: npu: infer rc=0
14:57:37.080: npu d0fc2p0: validate rc=0 infer...
14:57:37.080: npu: infer rc=0
14:57:37.080: npu d0fc1b: validate rc=0 infer...
14:57:37.080: npu: infer rc=0
14:57:37.205: npu d0fc2p1: validate rc=0 infer...
14:57:37.205: npu: infer rc=0
14:57:37.205: npu d0fc1c: validate rc=0 infer...
14:57:37.205: npu: infer rc=0
14:57:37.205: npu d0fc2p2: validate rc=0 infer...
14:57:37.205: npu: infer rc=0
14:57:37.328: npu d0fc1d: validate rc=0 infer...
14:57:37.328: npu: infer rc=0
14:57:37.328: npu d0fc2p3: validate rc=0 infer...
14:57:37.328: npu: infer rc=0
14:57:37.341: npu d1q: validate rc=0 infer...
14:57:37.341: npu: infer rc=0
14:57:37.467: npu d1k: validate rc=0 infer...
14:57:37.467: npu: infer rc=0
14:57:37.467: npu d1v: validate rc=0 infer...
14:57:37.467: npu: infer rc=0
14:57:37.467: npu d1out: validate rc=0 infer...
14:57:37.467: npu: infer rc=0
14:57:37.589: npu d1xq: validate rc=0 infer...
14:57:37.589: npu: infer rc=0
14:57:37.711: npu d1xout: validate rc=0 infer...
14:57:37.711: npu: infer rc=0
14:57:37.711: npu d1fc1a: validate rc=0 infer...
14:57:37.711: npu: infer rc=0
14:57:37.836: npu d1fc2p0: validate rc=0 infer...
14:57:37.836: npu: infer rc=0
14:57:37.836: npu d1fc1b: validate rc=0 infer...
14:57:37.836: npu: infer rc=0
14:57:37.836: npu d1fc2p1: validate rc=0 infer...
14:57:37.836: npu: infer rc=0
14:57:37.961: npu d1fc1c: validate rc=0 infer...
14:57:37.961: npu: infer rc=0
14:57:37.961: npu d1fc2p2: validate rc=0 infer...
14:57:37.961: npu: infer rc=0
14:57:37.961: npu d1fc1d: validate rc=0 infer...
14:57:37.961: npu: infer rc=0
14:57:38.084: npu d1fc2p3: validate rc=0 infer...
14:57:38.084: npu: infer rc=0
14:57:38.084: npu d2q: validate rc=0 infer...
14:57:38.084: npu: infer rc=0
14:57:38.096: npu d2k: validate rc=0 infer...
14:57:38.096: npu: infer rc=0
14:57:38.220: npu d2v: validate rc=0 infer...
14:57:38.220: npu: infer rc=0
14:57:38.220: npu d2out: validate rc=0 infer...
14:57:38.220: npu: infer rc=0
14:57:38.232: npu d2xq: validate rc=0 infer...
14:57:38.232: npu: infer rc=0
14:57:38.467: npu d2xout: validate rc=0 infer...
14:57:38.467: npu: infer rc=0
14:57:38.467: npu d2fc1a: validate rc=0 infer...
14:57:38.467: npu: infer rc=0
14:57:38.467: npu d2fc2p0: validate rc=0 infer...
14:57:38.467: npu: infer rc=0
14:57:38.593: npu d2fc1b: validate rc=0 infer...
14:57:38.593: npu: infer rc=0
14:57:38.593: npu d2fc2p1: validate rc=0 infer...
14:57:38.593: npu: infer rc=0
14:57:38.593: npu d2fc1c: validate rc=0 infer...
14:57:38.593: npu: infer rc=0
14:57:38.718: npu d2fc2p2: validate rc=0 infer...
14:57:38.718: npu: infer rc=0
14:57:38.718: npu d2fc1d: validate rc=0 infer...
14:57:38.718: npu: infer rc=0
14:57:38.718: npu d2fc2p3: validate rc=0 infer...
14:57:38.718: npu: infer rc=0
14:57:38.844: npu d3q: validate rc=0 infer...
14:57:38.844: npu: infer rc=0
14:57:38.844: npu d3k: validate rc=0 infer...
14:57:38.844: npu: infer rc=0
14:57:38.844: npu d3v: validate rc=0 infer...
14:57:38.844: npu: infer rc=0
14:57:38.968: npu d3out: validate rc=0 infer...
14:57:38.968: npu: infer rc=0
14:57:38.968: npu d3xq: validate rc=0 infer...
14:57:38.968: npu: infer rc=0
14:57:39.089: npu d3xout: validate rc=0 infer...
14:57:39.089: npu: infer rc=0
14:57:39.214: npu d3fc1a: validate rc=0 infer...
14:57:39.214: npu: infer rc=0
14:57:39.214: npu d3fc2p0: validate rc=0 infer...
14:57:39.214: npu: infer rc=0
14:57:39.214: npu d3fc1b: validate rc=0 infer...
14:57:39.214: npu: infer rc=0
14:57:39.339: npu d3fc2p1: validate rc=0 infer...
14:57:39.339: npu: infer rc=0
14:57:39.339: npu d3fc1c: validate rc=0 infer...
14:57:39.339: npu: infer rc=0
14:57:39.339: npu d3fc2p2: validate rc=0 infer...
14:57:39.339: npu: infer rc=0
14:57:39.464: npu d3fc1d: validate rc=0 infer...
14:57:39.464: npu: infer rc=0
14:57:39.464: npu d3fc2p3: validate rc=0 infer...
14:57:39.464: npu: infer rc=0
14:57:41.658:  Pittnpu d0q: validate rc=0 infer...
14:57:41.780: npu: infer rc=0
14:57:41.780: npu d0k: validate rc=0 infer...
14:57:41.780: npu: infer rc=0
14:57:41.903: npu d0v: validate rc=0 infer...
14:57:41.903: npu: infer rc=0
14:57:41.903: npu d0out: validate rc=0 infer...
14:57:41.903: npu: infer rc=0
14:57:41.903: npu d0xq: validate rc=0 infer...
14:57:41.903: npu: infer rc=0
14:57:42.025: npu d0xout: validate rc=0 infer...
14:57:42.025: npu: infer rc=0
14:57:42.149: npu d0fc1a: validate rc=0 infer...
14:57:42.149: npu: infer rc=0
14:57:42.149: npu d0fc2p0: validate rc=0 infer...
14:57:42.149: npu: infer rc=0
14:57:42.160: npu d0fc1b: validate rc=0 infer...
14:57:42.160: npu: infer rc=0
14:57:42.283: npu d0fc2p1: validate rc=0 infer...
14:57:42.283: npu: infer rc=0
14:57:42.283: npu d0fc1c: validate rc=0 infer...
14:57:42.283: npu: infer rc=0
14:57:42.295: npu d0fc2p2: validate rc=0 infer...
14:57:42.295: npu: infer rc=0
14:57:42.419: npu d0fc1d: validate rc=0 infer...
14:57:42.419: npu: infer rc=0
14:57:42.419: npu d0fc2p3: validate rc=0 infer...
14:57:42.419: npu: infer rc=0
14:57:42.431: npu d1q: validate rc=0 infer...
14:57:42.431: npu: infer rc=0
14:57:42.556: npu d1k: validate rc=0 infer...
14:57:42.556: npu: infer rc=0
14:57:42.556: npu d1v: validate rc=0 infer...
14:57:42.556: npu: infer rc=0
14:57:42.556: npu d1out: validate rc=0 infer...
14:57:42.556: npu: infer rc=0
14:57:42.677: npu d1xq: validate rc=0 infer...
14:57:42.677: npu: infer rc=0
14:57:42.800: npu d1xout: validate rc=0 infer...
14:57:42.800: npu: infer rc=0
14:57:42.800: npu d1fc1a: validate rc=0 infer...
14:57:42.800: npu: infer rc=0
14:57:42.924: npu d1fc2p0: validate rc=0 infer...
14:57:42.924: npu: infer rc=0
14:57:42.924: npu d1fc1b: validate rc=0 infer...
14:57:42.924: npu: infer rc=0
14:57:42.924: npu d1fc2p1: validate rc=0 infer...
14:57:42.924: npu: infer rc=0
14:57:43.050: npu d1fc1c: validate rc=0 infer...
14:57:43.050: npu: infer rc=0
14:57:43.050: npu d1fc2p2: validate rc=0 infer...
14:57:43.050: npu: infer rc=0
14:57:43.050: npu d1fc1d: validate rc=0 infer...
14:57:43.050: npu: infer rc=0
14:57:43.172: npu d1fc2p3: validate rc=0 infer...
14:57:43.172: npu: infer rc=0
14:57:43.172: npu d2q: validate rc=0 infer...
14:57:43.172: npu: infer rc=0
14:57:43.184: npu d2k: validate rc=0 infer...
14:57:43.184: npu: infer rc=0
14:57:43.307: npu d2v: validate rc=0 infer...
14:57:43.307: npu: infer rc=0
14:57:43.307: npu d2out: validate rc=0 infer...
14:57:43.307: npu: infer rc=0
14:57:43.319: npu d2xq: validate rc=0 infer...
14:57:43.319: npu: infer rc=0
14:57:43.554: npu d2xout: validate rc=0 infer...
14:57:43.554: npu: infer rc=0
14:57:43.554: npu d2fc1a: validate rc=0 infer...
14:57:43.554: npu: infer rc=0
14:57:43.554: npu d2fc2p0: validate rc=0 infer...
14:57:43.554: npu: infer rc=0
14:57:43.679: npu d2fc1b: validate rc=0 infer...
14:57:43.679: npu: infer rc=0
14:57:43.679: npu d2fc2p1: validate rc=0 infer...
14:57:43.679: npu: infer rc=0
14:57:43.679: npu d2fc1c: validate rc=0 infer...
14:57:43.679: npu: infer rc=0
14:57:43.804: npu d2fc2p2: validate rc=0 infer...
14:57:43.804: npu: infer rc=0
14:57:43.804: npu d2fc1d: validate rc=0 infer...
14:57:43.804: npu: infer rc=0
14:57:43.804: npu d2fc2p3: validate rc=0 infer...
14:57:43.804: npu: infer rc=0
14:57:43.927: npu d3q: validate rc=0 infer...
14:57:43.927: npu: infer rc=0
14:57:43.927: npu d3k: validate rc=0 infer...
14:57:43.927: npu: infer rc=0
14:57:43.939: npu d3v: validate rc=0 infer...
14:57:43.939: npu: infer rc=0
14:57:44.061: npu d3out: validate rc=0 infer...
14:57:44.061: npu: infer rc=0
14:57:44.061: npu d3xq: validate rc=0 infer...
14:57:44.061: npu: infer rc=0
14:57:44.182: npu d3xout: validate rc=0 infer...
14:57:44.182: npu: infer rc=0
14:57:44.307: npu d3fc1a: validate rc=0 infer...
14:57:44.307: npu: infer rc=0
14:57:44.307: npu d3fc2p0: validate rc=0 infer...
14:57:44.307: npu: infer rc=0
14:57:44.307: npu d3fc1b: validate rc=0 infer...
14:57:44.307: npu: infer rc=0
14:57:44.433: npu d3fc2p1: validate rc=0 infer...
14:57:44.433: npu: infer rc=0
14:57:44.433: npu d3fc1c: validate rc=0 infer...
14:57:44.433: npu: infer rc=0
14:57:44.433: npu d3fc2p2: validate rc=0 infer...
14:57:44.433: npu: infer rc=0
14:57:44.558: npu d3fc1d: validate rc=0 infer...
14:57:44.558: npu: infer rc=0
14:57:44.558: npu d3fc2p3: validate rc=0 infer...
14:57:44.558: npu: infer rc=0
14:57:46.765:  Pittnpu d0q: validate rc=0 infer...
14:57:46.890: npu: infer rc=0
14:57:46.890: npu d0k: validate rc=0 infer...
14:57:46.890: npu: infer rc=0
14:57:46.890: npu d0v: validate rc=0 infer...
14:57:46.890: npu: infer rc=0
14:57:47.015: npu d0out: validate rc=0 infer...
14:57:47.015: npu: infer rc=0
14:57:47.015: npu d0xq: validate rc=0 infer...
14:57:47.015: npu: infer rc=0
14:57:47.136: npu d0xout: validate rc=0 infer...
14:57:47.136: npu: infer rc=0
14:57:47.262: npu d0fc1a: validate rc=0 infer...
14:57:47.262: npu: infer rc=0
14:57:47.262: npu d0fc2p0: validate rc=0 infer...
14:57:47.262: npu: infer rc=0
14:57:47.262: npu d0fc1b: validate rc=0 infer...
14:57:47.262: npu: infer rc=0
14:57:47.387: npu d0fc2p1: validate rc=0 infer...
14:57:47.387: npu: infer rc=0
14:57:47.387: npu d0fc1c: validate rc=0 infer...
14:57:47.387: npu: infer rc=0
14:57:47.387: npu d0fc2p2: validate rc=0 infer...
14:57:47.387: npu: infer rc=0
14:57:47.512: npu d0fc1d: validate rc=0 infer...
14:57:47.512: npu: infer rc=0
14:57:47.512: npu d0fc2p3: validate rc=0 infer...
14:57:47.512: npu: infer rc=0
14:57:47.512: npu d1q: validate rc=0 infer...
14:57:47.512: npu: infer rc=0
14:57:47.636: npu d1k: validate rc=0 infer...
14:57:47.636: npu: infer rc=0
14:57:47.636: npu d1v: validate rc=0 infer...
14:57:47.636: npu: infer rc=0
14:57:47.636: npu d1out: validate rc=0 infer...
14:57:47.648: npu: infer rc=0
14:57:47.770: npu d1xq: validate rc=0 infer...
14:57:47.770: npu: infer rc=0
14:57:47.893: npu d1xout: validate rc=0 infer...
14:57:47.893: npu: infer rc=0
14:57:47.893: npu d1fc1a: validate rc=0 infer...
14:57:47.893: npu: infer rc=0
14:57:48.018: npu d1fc2p0: validate rc=0 infer...
14:57:48.018: npu: infer rc=0
14:57:48.018: npu d1fc1b: validate rc=0 infer...
14:57:48.018: npu: infer rc=0
14:57:48.018: npu d1fc2p1: validate rc=0 infer...
14:57:48.018: npu: infer rc=0
14:57:48.145: npu d1fc1c: validate rc=0 infer...
14:57:48.145: npu: infer rc=0
14:57:48.145: npu d1fc2p2: validate rc=0 infer...
14:57:48.145: npu: infer rc=0
14:57:48.145: npu d1fc1d: validate rc=0 infer...
14:57:48.145: npu: infer rc=0
14:57:48.270: npu d1fc2p3: validate rc=0 infer...
14:57:48.270: npu: infer rc=0
14:57:48.270: npu d2q: validate rc=0 infer...
14:57:48.270: npu: infer rc=0
14:57:48.270: npu d2k: validate rc=0 infer...
14:57:48.270: npu: infer rc=0
14:57:48.392: npu d2v: validate rc=0 infer...
14:57:48.392: npu: infer rc=0
14:57:48.392: npu d2out: validate rc=0 infer...
14:57:48.392: npu: infer rc=0
14:57:48.405: npu d2xq: validate rc=0 infer...
14:57:48.405: npu: infer rc=0
14:57:48.640: npu d2xout: validate rc=0 infer...
14:57:48.640: npu: infer rc=0
14:57:48.640: npu d2fc1a: validate rc=0 infer...
14:57:48.640: npu: infer rc=0
14:57:48.640: npu d2fc2p0: validate rc=0 infer...
14:57:48.640: npu: infer rc=0
14:57:48.765: npu d2fc1b: validate rc=0 infer...
14:57:48.765: npu: infer rc=0
14:57:48.765: npu d2fc2p1: validate rc=0 infer...
14:57:48.765: npu: infer rc=0
14:57:48.765: npu d2fc1c: validate rc=0 infer...
14:57:48.765: npu: infer rc=0
14:57:48.888: npu d2fc2p2: validate rc=0 infer...
14:57:48.888: npu: infer rc=0
14:57:48.888: npu d2fc1d: validate rc=0 infer...
14:57:48.888: npu: infer rc=0
14:57:48.888: npu d2fc2p3: validate rc=0 infer...
14:57:48.888: npu: infer rc=0
14:57:49.011: npu d3q: validate rc=0 infer...
14:57:49.011: npu: infer rc=0
14:57:49.011: npu d3k: validate rc=0 infer...
14:57:49.011: npu: infer rc=0
14:57:49.023: npu d3v: validate rc=0 infer...
14:57:49.023: npu: infer rc=0
14:57:49.146: npu d3out: validate rc=0 infer...
14:57:49.146: npu: infer rc=0
14:57:49.146: npu d3xq: validate rc=0 infer...
14:57:49.146: npu: infer rc=0
14:57:49.268: npu d3xout: validate rc=0 infer...
14:57:49.268: npu: infer rc=0
14:57:49.392: npu d3fc1a: validate rc=0 infer...
14:57:49.392: npu: infer rc=0
14:57:49.392: npu d3fc2p0: validate rc=0 infer...
14:57:49.392: npu: infer rc=0
14:57:49.392: npu d3fc1b: validate rc=0 infer...
14:57:49.392: npu: infer rc=0
14:57:49.516: npu d3fc2p1: validate rc=0 infer...
14:57:49.516: npu: infer rc=0
14:57:49.516: npu d3fc1c: validate rc=0 infer...
14:57:49.516: npu: infer rc=0
14:57:49.516: npu d3fc2p2: validate rc=0 infer...
14:57:49.516: npu: infer rc=0
14:57:49.639: npu d3fc1d: validate rc=0 infer...
14:57:49.639: npu: infer rc=0
14:57:49.639: npu d3fc2p3: validate rc=0 infer...
14:57:49.639: npu: infer rc=0
14:57:51.833:  Pittnpu d0q: validate rc=0 infer...
14:57:51.955: npu: infer rc=0
14:57:51.955: npu d0k: validate rc=0 infer...
14:57:51.955: npu: infer rc=0
14:57:51.966: npu d0v: validate rc=0 infer...
14:57:51.977: npu: infer rc=0
14:57:52.103: npu d0out: validate rc=0 infer...
14:57:52.103: npu: infer rc=0
14:57:52.103: npu d0xq: validate rc=0 infer...
14:57:52.103: npu: infer rc=0
14:57:52.223: npu d0xout: validate rc=0 infer...
14:57:52.223: npu: infer rc=0
14:57:52.348: npu d0fc1a: validate rc=0 infer...
14:57:52.348: npu: infer rc=0
14:57:52.348: npu d0fc2p0: validate rc=0 infer...
14:57:52.348: npu: infer rc=0
14:57:52.348: npu d0fc1b: validate rc=0 infer...
14:57:52.348: npu: infer rc=0
14:57:52.473: npu d0fc2p1: validate rc=0 infer...
14:57:52.473: npu: infer rc=0
14:57:52.473: npu d0fc1c: validate rc=0 infer...
14:57:52.473: npu: infer rc=0
14:57:52.473: npu d0fc2p2: validate rc=0 infer...
14:57:52.473: npu: infer rc=0
14:57:52.599: npu d0fc1d: validate rc=0 infer...
14:57:52.599: npu: infer rc=0
14:57:52.599: npu d0fc2p3: validate rc=0 infer...
14:57:52.599: npu: infer rc=0
14:57:52.599: npu d1q: validate rc=0 infer...
14:57:52.599: npu: infer rc=0
14:57:52.722: npu d1k: validate rc=0 infer...
14:57:52.722: npu: infer rc=0
14:57:52.722: npu d1v: validate rc=0 infer...
14:57:52.722: npu: infer rc=0
14:57:52.733: npu d1out: validate rc=0 infer...
14:57:52.733: npu: infer rc=0
14:57:52.854: npu d1xq: validate rc=0 infer...
14:57:52.854: npu: infer rc=0
14:57:52.978: npu d1xout: validate rc=0 infer...
14:57:52.978: npu: infer rc=0
14:57:52.978: npu d1fc1a: validate rc=0 infer...
14:57:52.978: npu: infer rc=0
14:57:53.102: npu d1fc2p0: validate rc=0 infer...
14:57:53.102: npu: infer rc=0
14:57:53.102: npu d1fc1b: validate rc=0 infer...
14:57:53.102: npu: infer rc=0
14:57:53.102: npu d1fc2p1: validate rc=0 infer...
14:57:53.102: npu: infer rc=0
14:57:53.226: npu d1fc1c: validate rc=0 infer...
14:57:53.226: npu: infer rc=0
14:57:53.226: npu d1fc2p2: validate rc=0 infer...
14:57:53.226: npu: infer rc=0
14:57:53.226: npu d1fc1d: validate rc=0 infer...
14:57:53.226: npu: infer rc=0
14:57:53.350: npu d1fc2p3: validate rc=0 infer...
14:57:53.350: npu: infer rc=0
14:57:53.350: npu d2q: validate rc=0 infer...
14:57:53.350: npu: infer rc=0
14:57:53.363: npu d2k: validate rc=0 infer...
14:57:53.363: npu: infer rc=0
14:57:53.489: npu d2v: validate rc=0 infer...
14:57:53.489: npu: infer rc=0
14:57:53.489: npu d2out: validate rc=0 infer...
14:57:53.489: npu: infer rc=0
14:57:53.489: npu d2xq: validate rc=0 infer...
14:57:53.489: npu: infer rc=0
14:57:53.723: npu d2xout: validate rc=0 infer...
14:57:53.723: npu: infer rc=0
14:57:53.723: npu d2fc1a: validate rc=0 infer...
14:57:53.723: npu: infer rc=0
14:57:53.723: npu d2fc2p0: validate rc=0 infer...
14:57:53.723: npu: infer rc=0
14:57:53.848: npu d2fc1b: validate rc=0 infer...
14:57:53.848: npu: infer rc=0
14:57:53.848: npu d2fc2p1: validate rc=0 infer...
14:57:53.848: npu: infer rc=0
14:57:53.848: npu d2fc1c: validate rc=0 infer...
14:57:53.848: npu: infer rc=0
14:57:53.974: npu d2fc2p2: validate rc=0 infer...
14:57:53.974: npu: infer rc=0
14:57:53.974: npu d2fc1d: validate rc=0 infer...
14:57:53.974: npu: infer rc=0
14:57:53.974: npu d2fc2p3: validate rc=0 infer...
14:57:53.985: npu: infer rc=0
14:57:54.110: npu d3q: validate rc=0 infer...
14:57:54.110: npu: infer rc=0
14:57:54.110: npu d3k: validate rc=0 infer...
14:57:54.110: npu: infer rc=0
14:57:54.110: npu d3v: validate rc=0 infer...
14:57:54.110: npu: infer rc=0
14:57:54.233: npu d3out: validate rc=0 infer...
14:57:54.233: npu: infer rc=0
14:57:54.233: npu d3xq: validate rc=0 infer...
14:57:54.233: npu: infer rc=0
14:57:54.353: npu d3xout: validate rc=0 infer...
14:57:54.353: npu: infer rc=0
14:57:54.480: npu d3fc1a: validate rc=0 infer...
14:57:54.480: npu: infer rc=0
14:57:54.480: npu d3fc2p0: validate rc=0 infer...
14:57:54.480: npu: infer rc=0
14:57:54.480: npu d3fc1b: validate rc=0 infer...
14:57:54.480: npu: infer rc=0
14:57:54.606: npu d3fc2p1: validate rc=0 infer...
14:57:54.606: npu: infer rc=0
14:57:54.606: npu d3fc1c: validate rc=0 infer...
14:57:54.606: npu: infer rc=0
14:57:54.606: npu d3fc2p2: validate rc=0 infer...
14:57:54.606: npu: infer rc=0
14:57:54.728: npu d3fc1d: validate rc=0 infer...
14:57:54.728: npu: infer rc=0
14:57:54.728: npu d3fc2p3: validate rc=0 infer...
14:57:54.728: npu: infer rc=0
14:57:56.926:  Pittnpu d0q: validate rc=0 infer...
14:57:57.049: npu: infer rc=0
14:57:57.049: npu d0k: validate rc=0 infer...
14:57:57.049: npu: infer rc=0
14:57:57.061: npu d0v: validate rc=0 infer...
14:57:57.061: npu: infer rc=0
14:57:57.184: npu d0out: validate rc=0 infer...
14:57:57.184: npu: infer rc=0
14:57:57.184: npu d0xq: validate rc=0 infer...
14:57:57.184: npu: infer rc=0
14:57:57.306: npu d0xout: validate rc=0 infer...
14:57:57.306: npu: infer rc=0
14:57:57.431: npu d0fc1a: validate rc=0 infer...
14:57:57.431: npu: infer rc=0
14:57:57.431: npu d0fc2p0: validate rc=0 infer...
14:57:57.431: npu: infer rc=0
14:57:57.431: npu d0fc1b: validate rc=0 infer...
14:57:57.431: npu: infer rc=0
14:57:57.555: npu d0fc2p1: validate rc=0 infer...
14:57:57.555: npu: infer rc=0
14:57:57.555: npu d0fc1c: validate rc=0 infer...
14:57:57.555: npu: infer rc=0
14:57:57.555: npu d0fc2p2: validate rc=0 infer...
14:57:57.555: npu: infer rc=0
14:57:57.677: npu d0fc1d: validate rc=0 infer...
14:57:57.677: npu: infer rc=0
14:57:57.677: npu d0fc2p3: validate rc=0 infer...
14:57:57.677: npu: infer rc=0
14:57:57.689: npu d1q: validate rc=0 infer...
14:57:57.689: npu: infer rc=0
14:57:57.813: npu d1k: validate rc=0 infer...
14:57:57.813: npu: infer rc=0
14:57:57.813: npu d1v: validate rc=0 infer...
14:57:57.813: npu: infer rc=0
14:57:57.813: npu d1out: validate rc=0 infer...
14:57:57.836: npu: infer rc=0
14:57:57.869: npu d1xq: validate rc=0 infer...
14:57:57.869: npu: infer rc=0
14:57:58.105: npu d1xout: validate rc=0 infer...
14:57:58.105: npu: infer rc=0
14:57:58.105: npu d1fc1a: validate rc=0 infer...
14:57:58.105: npu: infer rc=0
14:57:58.105: npu d1fc2p0: validate rc=0 infer...
14:57:58.105: npu: infer rc=0
14:57:58.230: npu d1fc1b: validate rc=0 infer...
14:57:58.230: npu: infer rc=0
14:57:58.230: npu d1fc2p1: validate rc=0 infer...
14:57:58.230: npu: infer rc=0
14:57:58.230: npu d1fc1c: validate rc=0 infer...
14:57:58.230: npu: infer rc=0
14:57:58.356: npu d1fc2p2: validate rc=0 infer...
14:57:58.356: npu: infer rc=0
14:57:58.356: npu d1fc1d: validate rc=0 infer...
14:57:58.356: npu: infer rc=0
14:57:58.356: npu d1fc2p3: validate rc=0 infer...
14:57:58.356: npu: infer rc=0
14:57:58.478: npu d2q: validate rc=0 infer...
14:57:58.478: npu: infer rc=0
14:57:58.478: npu d2k: validate rc=0 infer...
14:57:58.478: npu: infer rc=0
14:57:58.490: npu d2v: validate rc=0 infer...
14:57:58.490: npu: infer rc=0
14:57:58.613: npu d2out: validate rc=0 infer...
14:57:58.613: npu: infer rc=0
14:57:58.613: npu d2xq: validate rc=0 infer...
14:57:58.613: npu: infer rc=0
14:57:58.734: npu d2xout: validate rc=0 infer...
14:57:58.734: npu: infer rc=0
14:57:58.859: npu d2fc1a: validate rc=0 infer...
14:57:58.859: npu: infer rc=0
14:57:58.859: npu d2fc2p0: validate rc=0 infer...
14:57:58.859: npu: infer rc=0
14:57:58.859: npu d2fc1b: validate rc=0 infer...
14:57:58.859: npu: infer rc=0
14:57:58.987: npu d2fc2p1: validate rc=0 infer...
14:57:58.987: npu: infer rc=0
14:57:58.987: npu d2fc1c: validate rc=0 infer...
14:57:58.987: npu: infer rc=0
14:57:58.987: npu d2fc2p2: validate rc=0 infer...
14:57:58.987: npu: infer rc=0
14:57:59.111: npu d2fc1d: validate rc=0 infer...
14:57:59.111: npu: infer rc=0
14:57:59.111: npu d2fc2p3: validate rc=0 infer...
14:57:59.111: npu: infer rc=0
14:57:59.111: npu d3q: validate rc=0 infer...
14:57:59.111: npu: infer rc=0
14:57:59.234: npu d3k: validate rc=0 infer...
14:57:59.234: npu: infer rc=0
14:57:59.234: npu d3v: validate rc=0 infer...
14:57:59.234: npu: infer rc=0
14:57:59.245: npu d3out: validate rc=0 infer...
14:57:59.245: npu: infer rc=0
14:57:59.369: npu d3xq: validate rc=0 infer...
14:57:59.369: npu: infer rc=0
14:57:59.492: npu d3xout: validate rc=0 infer...
14:57:59.492: npu: infer rc=0
14:57:59.492: npu d3fc1a: validate rc=0 infer...
14:57:59.492: npu: infer rc=0
14:57:59.617: npu d3fc2p0: validate rc=0 infer...
14:57:59.617: npu: infer rc=0
14:57:59.617: npu d3fc1b: validate rc=0 infer...
14:57:59.617: npu: infer rc=0
14:57:59.617: npu d3fc2p1: validate rc=0 infer...
14:57:59.617: npu: infer rc=0
14:57:59.742: npu d3fc1c: validate rc=0 infer...
14:57:59.742: npu: infer rc=0
14:57:59.742: npu d3fc2p2: validate rc=0 infer...
14:57:59.742: npu: infer rc=0
14:57:59.742: npu d3fc1d: validate rc=0 infer...
14:57:59.742: npu: infer rc=0
14:57:59.863: npu d3fc2p3: validate rc=0 infer...
14:57:59.863: npu: infer rc=0
14:58:02.060:  Pittnpu d0q: validate rc=0 infer...
14:58:02.060: npu: infer rc=0
14:58:02.183: npu d0k: validate rc=0 infer...
14:58:02.183: npu: infer rc=0
14:58:02.183: npu d0v: validate rc=0 infer...
14:58:02.183: npu: infer rc=0
14:58:02.196: npu d0out: validate rc=0 infer...
14:58:02.196: npu: infer rc=0
14:58:02.317: npu d0xq: validate rc=0 infer...
14:58:02.317: npu: infer rc=0
14:58:02.440: npu d0xout: validate rc=0 infer...
14:58:02.440: npu: infer rc=0
14:58:02.440: npu d0fc1a: validate rc=0 infer...
14:58:02.440: npu: infer rc=0
14:58:02.566: npu d0fc2p0: validate rc=0 infer...
14:58:02.566: npu: infer rc=0
14:58:02.566: npu d0fc1b: validate rc=0 infer...
14:58:02.566: npu: infer rc=0
14:58:02.566: npu d0fc2p1: validate rc=0 infer...
14:58:02.566: npu: infer rc=0
14:58:02.692: npu d0fc1c: validate rc=0 infer...
14:58:02.692: npu: infer rc=0
14:58:02.692: npu d0fc2p2: validate rc=0 infer...
14:58:02.692: npu: infer rc=0
14:58:02.692: npu d0fc1d: validate rc=0 infer...
14:58:02.692: npu: infer rc=0
14:58:02.817: npu d0fc2p3: validate rc=0 infer...
14:58:02.817: npu: infer rc=0
14:58:02.817: npu d1q: validate rc=0 infer...
14:58:02.817: npu: infer rc=0
14:58:02.817: npu d1k: validate rc=0 infer...
14:58:02.817: npu: infer rc=0
14:58:02.939: npu d1v: validate rc=0 infer...
14:58:02.939: npu: infer rc=0
14:58:02.939: npu d1out: validate rc=0 infer...
14:58:02.939: npu: infer rc=0
14:58:02.952: npu d1xq: validate rc=0 infer...
14:58:02.952: npu: infer rc=0
14:58:03.187: npu d1xout: validate rc=0 infer...
14:58:03.187: npu: infer rc=0
14:58:03.187: npu d1fc1a: validate rc=0 infer...
14:58:03.187: npu: infer rc=0
14:58:03.187: npu d1fc2p0: validate rc=0 infer...
14:58:03.187: npu: infer rc=0
14:58:03.312: npu d1fc1b: validate rc=0 infer...
14:58:03.312: npu: infer rc=0
14:58:03.312: npu d1fc2p1: validate rc=0 infer...
14:58:03.312: npu: infer rc=0
14:58:03.312: npu d1fc1c: validate rc=0 infer...
14:58:03.312: npu: infer rc=0
14:58:03.435: npu d1fc2p2: validate rc=0 infer...
14:58:03.435: npu: infer rc=0
14:58:03.435: npu d1fc1d: validate rc=0 infer...
14:58:03.435: npu: infer rc=0
14:58:03.447: npu d1fc2p3: validate rc=0 infer...
14:58:03.447: npu: infer rc=0
14:58:03.570: npu d2q: validate rc=0 infer...
14:58:03.570: npu: infer rc=0
14:58:03.570: npu d2k: validate rc=0 infer...
14:58:03.570: npu: infer rc=0
14:58:03.570: npu d2v: validate rc=0 infer...
14:58:03.580: npu: infer rc=0
14:58:03.703: npu d2out: validate rc=0 infer...
14:58:03.703: npu: infer rc=0
14:58:03.703: npu d2xq: validate rc=0 infer...
14:58:03.703: npu: infer rc=0
14:58:03.824: npu d2xout: validate rc=0 infer...
14:58:03.824: npu: infer rc=0
14:58:03.951: npu d2fc1a: validate rc=0 infer...
14:58:03.951: npu: infer rc=0
14:58:03.951: npu d2fc2p0: validate rc=0 infer...
14:58:03.951: npu: infer rc=0
14:58:03.951: npu d2fc1b: validate rc=0 infer...
14:58:03.951: npu: infer rc=0
14:58:04.077: npu d2fc2p1: validate rc=0 infer...
14:58:04.077: npu: infer rc=0
14:58:04.077: npu d2fc1c: validate rc=0 infer...
14:58:04.077: npu: infer rc=0
14:58:04.077: npu d2fc2p2: validate rc=0 infer...
14:58:04.077: npu: infer rc=0
14:58:04.204: npu d2fc1d: validate rc=0 infer...
14:58:04.204: npu: infer rc=0
14:58:04.204: npu d2fc2p3: validate rc=0 infer...
14:58:04.204: npu: infer rc=0
14:58:04.204: npu d3q: validate rc=0 infer...
14:58:04.204: npu: infer rc=0
14:58:04.328: npu d3k: validate rc=0 infer...
14:58:04.328: npu: infer rc=0
14:58:04.328: npu d3v: validate rc=0 infer...
14:58:04.328: npu: infer rc=0
14:58:04.328: npu d3out: validate rc=0 infer...
14:58:04.328: npu: infer rc=0
14:58:04.449: npu d3xq: validate rc=0 infer...
14:58:04.449: npu: infer rc=0
14:58:04.572: npu d3xout: validate rc=0 infer...
14:58:04.572: npu: infer rc=0
14:58:04.572: npu d3fc1a: validate rc=0 infer...
14:58:04.572: npu: infer rc=0
14:58:04.696: npu d3fc2p0: validate rc=0 infer...
14:58:04.696: npu: infer rc=0
14:58:04.696: npu d3fc1b: validate rc=0 infer...
14:58:04.696: npu: infer rc=0
14:58:04.696: npu d3fc2p1: validate rc=0 infer...
14:58:04.696: npu: infer rc=0
14:58:04.821: npu d3fc1c: validate rc=0 infer...
14:58:04.821: npu: infer rc=0
14:58:04.821: npu d3fc2p2: validate rc=0 infer...
14:58:04.821: npu: infer rc=0
14:58:04.821: npu d3fc1d: validate rc=0 infer...
14:58:04.821: npu: infer rc=0
14:58:04.941: npu d3fc2p3: validate rc=0 infer...
14:58:04.941: npu: infer rc=0
14:58:07.146:  Pittnpu d0q: validate rc=0 infer...
14:58:07.146: npu: infer rc=0
14:58:07.268: npu d0k: validate rc=0 infer...
14:58:07.268: npu: infer rc=0
14:58:07.268: npu d0v: validate rc=0 infer...
14:58:07.268: npu: infer rc=0
14:58:07.281: npu d0out: validate rc=0 infer...
14:58:07.281: npu: infer rc=0
14:58:07.402: npu d0xq: validate rc=0 infer...
14:58:07.402: npu: infer rc=0
14:58:07.524: npu d0xout: validate rc=0 infer...
14:58:07.524: npu: infer rc=0
14:58:07.524: npu d0fc1a: validate rc=0 infer...
14:58:07.524: npu: infer rc=0
14:58:07.649: npu d0fc2p0: validate rc=0 infer...
14:58:07.649: npu: infer rc=0
14:58:07.649: npu d0fc1b: validate rc=0 infer...
14:58:07.649: npu: infer rc=0
14:58:07.649: npu d0fc2p1: validate rc=0 infer...
14:58:07.649: npu: infer rc=0
14:58:07.773: npu d0fc1c: validate rc=0 infer...
14:58:07.773: npu: infer rc=0
14:58:07.773: npu d0fc2p2: validate rc=0 infer...
14:58:07.773: npu: infer rc=0
14:58:07.773: npu d0fc1d: validate rc=0 infer...
14:58:07.773: npu: infer rc=0
14:58:07.896: npu d0fc2p3: validate rc=0 infer...
14:58:07.896: npu: infer rc=0
14:58:07.896: npu d1q: validate rc=0 infer...
14:58:07.896: npu: infer rc=0
14:58:07.908: npu d1k: validate rc=0 infer...
14:58:07.908: npu: infer rc=0
14:58:08.031: npu d1v: validate rc=0 infer...
14:58:08.031: npu: infer rc=0
14:58:08.031: npu d1out: validate rc=0 infer...
14:58:08.031: npu: infer rc=0
14:58:08.043: npu d1xq: validate rc=0 infer...
14:58:08.043: npu: infer rc=0
14:58:08.276: npu d1xout: validate rc=0 infer...
14:58:08.276: npu: infer rc=0
14:58:08.276: npu d1fc1a: validate rc=0 infer...
14:58:08.276: npu: infer rc=0
14:58:08.276: npu d1fc2p0: validate rc=0 infer...
14:58:08.276: npu: infer rc=0
14:58:08.402: npu d1fc1b: validate rc=0 infer...
14:58:08.402: npu: infer rc=0
14:58:08.402: npu d1fc2p1: validate rc=0 infer...
14:58:08.402: npu: infer rc=0
14:58:08.402: npu d1fc1c: validate rc=0 infer...
14:58:08.402: npu: infer rc=0
14:58:08.527: npu d1fc2p2: validate rc=0 infer...
14:58:08.527: npu: infer rc=0
14:58:08.527: npu d1fc1d: validate rc=0 infer...
14:58:08.527: npu: infer rc=0
14:58:08.527: npu d1fc2p3: validate rc=0 infer...
14:58:08.539: npu: infer rc=0
14:58:08.663: npu d2q: validate rc=0 infer...
14:58:08.663: npu: infer rc=0
14:58:08.663: npu d2k: validate rc=0 infer...
14:58:08.663: npu: infer rc=0
14:58:08.663: npu d2v: validate rc=0 infer...
14:58:08.663: npu: infer rc=0
14:58:08.785: npu d2out: validate rc=0 infer...
14:58:08.785: npu: infer rc=0
14:58:08.785: npu d2xq: validate rc=0 infer...
14:58:08.785: npu: infer rc=0
14:58:08.906: npu d2xout: validate rc=0 infer...
14:58:08.906: npu: infer rc=0
14:58:09.031: npu d2fc1a: validate rc=0 infer...
14:58:09.031: npu: infer rc=0
14:58:09.031: npu d2fc2p0: validate rc=0 infer...
14:58:09.031: npu: infer rc=0
14:58:09.031: npu d2fc1b: validate rc=0 infer...
14:58:09.031: npu: infer rc=0
14:58:09.155: npu d2fc2p1: validate rc=0 infer...
14:58:09.155: npu: infer rc=0
14:58:09.155: npu d2fc1c: validate rc=0 infer...
14:58:09.155: npu: infer rc=0
14:58:09.155: npu d2fc2p2: validate rc=0 infer...
14:58:09.155: npu: infer rc=0
14:58:09.279: npu d2fc1d: validate rc=0 infer...
14:58:09.279: npu: infer rc=0
14:58:09.279: npu d2fc2p3: validate rc=0 infer...
14:58:09.279: npu: infer rc=0
14:58:09.291: npu d3q: validate rc=0 infer...
14:58:09.291: npu: infer rc=0
14:58:09.418: npu d3k: validate rc=0 infer...
14:58:09.418: npu: infer rc=0
14:58:09.418: npu d3v: validate rc=0 infer...
14:58:09.418: npu: infer rc=0
14:58:09.418: npu d3out: validate rc=0 infer...
14:58:09.418: npu: infer rc=0
14:58:09.541: npu d3xq: validate rc=0 infer...
14:58:09.541: npu: infer rc=0
14:58:09.666: npu d3xout: validate rc=0 infer...
14:58:09.666: npu: infer rc=0
14:58:09.666: npu d3fc1a: validate rc=0 infer...
14:58:09.666: npu: infer rc=0
14:58:09.790: npu d3fc2p0: validate rc=0 infer...
14:58:09.790: npu: infer rc=0
14:58:09.790: npu d3fc1b: validate rc=0 infer...
14:58:09.790: npu: infer rc=0
14:58:09.790: npu d3fc2p1: validate rc=0 infer...
14:58:09.790: npu: infer rc=0
14:58:09.914: npu d3fc1c: validate rc=0 infer...
14:58:09.914: npu: infer rc=0
14:58:09.914: npu d3fc2p2: validate rc=0 infer...
14:58:09.914: npu: infer rc=0
14:58:09.914: npu d3fc1d: validate rc=0 infer...
14:58:09.914: npu: infer rc=0
14:58:10.036: npu d3fc2p3: validate rc=0 infer...
14:58:10.036: npu: infer rc=0
14:58:12.237:  Pittnpu d0q: validate rc=0 infer...
14:58:12.237: npu: infer rc=0
14:58:12.359: npu d0k: validate rc=0 infer...
14:58:12.359: npu: infer rc=0
14:58:12.359: npu d0v: validate rc=0 infer...
14:58:12.359: npu: infer rc=0
14:58:12.371: npu d0out: validate rc=0 infer...
14:58:12.371: npu: infer rc=0
14:58:12.494: npu d0xq: validate rc=0 infer...
14:58:12.494: npu: infer rc=0
14:58:12.616: npu d0xout: validate rc=0 infer...
14:58:12.616: npu: infer rc=0
14:58:12.616: npu d0fc1a: validate rc=0 infer...
14:58:12.616: npu: infer rc=0
14:58:12.742: npu d0fc2p0: validate rc=0 infer...
14:58:12.742: npu: infer rc=0
14:58:12.742: npu d0fc1b: validate rc=0 infer...
14:58:12.742: npu: infer rc=0
14:58:12.742: npu d0fc2p1: validate rc=0 infer...
14:58:12.742: npu: infer rc=0
14:58:12.867: npu d0fc1c: validate rc=0 infer...
14:58:12.867: npu: infer rc=0
14:58:12.867: npu d0fc2p2: validate rc=0 infer...
14:58:12.867: npu: infer rc=0
14:58:12.867: npu d0fc1d: validate rc=0 infer...
14:58:12.867: npu: infer rc=0
14:58:12.991: npu d0fc2p3: validate rc=0 infer...
14:58:12.991: npu: infer rc=0
14:58:12.991: npu d1q: validate rc=0 infer...
14:58:12.991: npu: infer rc=0
14:58:12.991: npu d1k: validate rc=0 infer...
14:58:12.991: npu: infer rc=0
14:58:13.114: npu d1v: validate rc=0 infer...
14:58:13.114: npu: infer rc=0
14:58:13.114: npu d1out: validate rc=0 infer...
14:58:13.114: npu: infer rc=0
14:58:13.126: npu d1xq: validate rc=0 infer...
14:58:13.126: npu: infer rc=0
14:58:13.360: npu d1xout: validate rc=0 infer...
14:58:13.360: npu: infer rc=0
14:58:13.360: npu d1fc1a: validate rc=0 infer...
14:58:13.360: npu: infer rc=0
14:58:13.360: npu d1fc2p0: validate rc=0 infer...
14:58:13.360: npu: infer rc=0
14:58:13.486: npu d1fc1b: validate rc=0 infer...
14:58:13.486: npu: infer rc=0
14:58:13.486: npu d1fc2p1: validate rc=0 infer...
14:58:13.486: npu: infer rc=0
14:58:13.486: npu d1fc1c: validate rc=0 infer...
14:58:13.486: npu: infer rc=0
14:58:13.610: npu d1fc2p2: validate rc=0 infer...
14:58:13.610: npu: infer rc=0
14:58:13.610: npu d1fc1d: validate rc=0 infer...
14:58:13.610: npu: infer rc=0
14:58:13.622: npu d1fc2p3: validate rc=0 infer...
14:58:13.622: npu: infer rc=0
14:58:13.749: npu d2q: validate rc=0 infer...
14:58:13.749: npu: infer rc=0
14:58:13.749: npu d2k: validate rc=0 infer...
14:58:13.749: npu: infer rc=0
14:58:13.749: npu d2v: validate rc=0 infer...
14:58:13.749: npu: infer rc=0
14:58:13.871: npu d2out: validate rc=0 infer...
14:58:13.871: npu: infer rc=0
14:58:13.871: npu d2xq: validate rc=0 infer...
14:58:13.871: npu: infer rc=0
14:58:13.993: npu d2xout: validate rc=0 infer...
14:58:13.993: npu: infer rc=0
14:58:14.118: npu d2fc1a: validate rc=0 infer...
14:58:14.118: npu: infer rc=0
14:58:14.118: npu d2fc2p0: validate rc=0 infer...
14:58:14.118: npu: infer rc=0
14:58:14.118: npu d2fc1b: validate rc=0 infer...
14:58:14.118: npu: infer rc=0
14:58:14.243: npu d2fc2p1: validate rc=0 infer...
14:58:14.243: npu: infer rc=0
14:58:14.243: npu d2fc1c: validate rc=0 infer...
14:58:14.243: npu: infer rc=0
14:58:14.243: npu d2fc2p2: validate rc=0 infer...
14:58:14.243: npu: infer rc=0
14:58:14.366: npu d2fc1d: validate rc=0 infer...
14:58:14.366: npu: infer rc=0
14:58:14.366: npu d2fc2p3: validate rc=0 infer...
14:58:14.366: npu: infer rc=0
14:58:14.378: npu d3q: validate rc=0 infer...
14:58:14.378: npu: infer rc=0
14:58:14.505: npu d3k: validate rc=0 infer...
14:58:14.505: npu: infer rc=0
14:58:14.505: npu d3v: validate rc=0 infer...
14:58:14.505: npu: infer rc=0
14:58:14.505: npu d3out: validate rc=0 infer...
14:58:14.505: npu: infer rc=0
14:58:14.626: npu d3xq: validate rc=0 infer...
14:58:14.626: npu: infer rc=0
14:58:14.749: npu d3xout: validate rc=0 infer...
14:58:14.749: npu: infer rc=0
14:58:14.749: npu d3fc1a: validate rc=0 infer...
14:58:14.749: npu: infer rc=0
14:58:14.873: npu d3fc2p0: validate rc=0 infer...
14:58:14.873: npu: infer rc=0
14:58:14.873: npu d3fc1b: validate rc=0 infer...
14:58:14.873: npu: infer rc=0
14:58:14.873: npu d3fc2p1: validate rc=0 infer...
14:58:14.873: npu: infer rc=0
14:58:14.999: npu d3fc1c: validate rc=0 infer...
14:58:14.999: npu: infer rc=0
14:58:14.999: npu d3fc2p2: validate rc=0 infer...
14:58:14.999: npu: infer rc=0
14:58:14.999: npu d3fc1d: validate rc=0 infer...
14:58:14.999: npu: infer rc=0
14:58:15.120: npu d3fc2p3: validate rc=0 infer...
14:58:15.120: npu: infer rc=0
14:58:17.318:  Pittnpu d0q: validate rc=0 infer...
14:58:17.329: npu: infer rc=0
14:58:17.454: npu d0k: validate rc=0 infer...
14:58:17.454: npu: infer rc=0
14:58:17.454: npu d0v: validate rc=0 infer...
14:58:17.454: npu: infer rc=0
14:58:17.454: npu d0out: validate rc=0 infer...
14:58:17.454: npu: infer rc=0
14:58:17.574: npu d0xq: validate rc=0 infer...
14:58:17.574: npu: infer rc=0
14:58:17.697: npu d0xout: validate rc=0 infer...
14:58:17.697: npu: infer rc=0
14:58:17.697: npu d0fc1a: validate rc=0 infer...
14:58:17.697: npu: infer rc=0
14:58:17.820: npu d0fc2p0: validate rc=0 infer...
14:58:17.820: npu: infer rc=0
14:58:17.820: npu d0fc1b: validate rc=0 infer...
14:58:17.820: npu: infer rc=0
14:58:17.820: npu d0fc2p1: validate rc=0 infer...
14:58:17.820: npu: infer rc=0
14:58:17.947: npu d0fc1c: validate rc=0 infer...
14:58:17.947: npu: infer rc=0
14:58:17.947: npu d0fc2p2: validate rc=0 infer...
14:58:17.947: npu: infer rc=0
14:58:17.947: npu d0fc1d: validate rc=0 infer...
14:58:17.947: npu: infer rc=0
14:58:18.070: npu d0fc2p3: validate rc=0 infer...
14:58:18.070: npu: infer rc=0
14:58:18.070: npu d1q: validate rc=0 infer...
14:58:18.070: npu: infer rc=0
14:58:18.081: npu d1k: validate rc=0 infer...
14:58:18.081: npu: infer rc=0
14:58:18.204: npu d1v: validate rc=0 infer...
14:58:18.204: npu: infer rc=0
14:58:18.204: npu d1out: validate rc=0 infer...
14:58:18.204: npu: infer rc=0
14:58:18.216: npu d1xq: validate rc=0 infer...
14:58:18.216: npu: infer rc=0
14:58:18.448: npu d1xout: validate rc=0 infer...
14:58:18.448: npu: infer rc=0
14:58:18.448: npu d1fc1a: validate rc=0 infer...
14:58:18.448: npu: infer rc=0
14:58:18.448: npu d1fc2p0: validate rc=0 infer...
14:58:18.448: npu: infer rc=0
14:58:18.573: npu d1fc1b: validate rc=0 infer...
14:58:18.573: npu: infer rc=0
14:58:18.573: npu d1fc2p1: validate rc=0 infer...
14:58:18.573: npu: infer rc=0
14:58:18.573: npu d1fc1c: validate rc=0 infer...
14:58:18.573: npu: infer rc=0
14:58:18.695: npu d1fc2p2: validate rc=0 infer...
14:58:18.695: npu: infer rc=0
14:58:18.695: npu d1fc1d: validate rc=0 infer...
14:58:18.695: npu: infer rc=0
14:58:18.707: npu d1fc2p3: validate rc=0 infer...
14:58:18.707: npu: infer rc=0
14:58:18.829: npu d2q: validate rc=0 infer...
14:58:18.829: npu: infer rc=0
14:58:18.829: npu d2k: validate rc=0 infer...
14:58:18.829: npu: infer rc=0
14:58:18.841: npu d2v: validate rc=0 infer...
14:58:18.841: npu: infer rc=0
14:58:18.967: npu d2out: validate rc=0 infer...
14:58:18.967: npu: infer rc=0
14:58:18.967: npu d2xq: validate rc=0 infer...
14:58:18.967: npu: infer rc=0
14:58:19.089: npu d2xout: validate rc=0 infer...
14:58:19.089: npu: infer rc=0
14:58:19.213: npu d2fc1a: validate rc=0 infer...
14:58:19.213: npu: infer rc=0
14:58:19.213: npu d2fc2p0: validate rc=0 infer...
14:58:19.213: npu: infer rc=0
14:58:19.213: npu d2fc1b: validate rc=0 infer...
14:58:19.213: npu: infer rc=0
14:58:19.337: npu d2fc2p1: validate rc=0 infer...
14:58:19.337: npu: infer rc=0
14:58:19.337: npu d2fc1c: validate rc=0 infer...
14:58:19.337: npu: infer rc=0
14:58:19.337: npu d2fc2p2: validate rc=0 infer...
14:58:19.337: npu: infer rc=0
14:58:19.460: npu d2fc1d: validate rc=0 infer...
14:58:19.460: npu: infer rc=0
14:58:19.460: npu d2fc2p3: validate rc=0 infer...
14:58:19.460: npu: infer rc=0
14:58:19.460: npu d3q: validate rc=0 infer...
14:58:19.460: npu: infer rc=0
14:58:19.584: npu d3k: validate rc=0 infer...
14:58:19.584: npu: infer rc=0
14:58:19.584: npu d3v: validate rc=0 infer...
14:58:19.584: npu: infer rc=0
14:58:19.596: npu d3out: validate rc=0 infer...
14:58:19.596: npu: infer rc=0
14:58:19.716: npu d3xq: validate rc=0 infer...
14:58:19.716: npu: infer rc=0
14:58:19.838: npu d3xout: validate rc=0 infer...
14:58:19.838: npu: infer rc=0
14:58:19.838: npu d3fc1a: validate rc=0 infer...
14:58:19.838: npu: infer rc=0
14:58:19.962: npu d3fc2p0: validate rc=0 infer...
14:58:19.962: npu: infer rc=0
14:58:19.962: npu d3fc1b: validate rc=0 infer...
14:58:19.962: npu: infer rc=0
14:58:19.962: npu d3fc2p1: validate rc=0 infer...
14:58:19.962: npu: infer rc=0
14:58:20.086: npu d3fc1c: validate rc=0 infer...
14:58:20.086: npu: infer rc=0
14:58:20.086: npu d3fc2p2: validate rc=0 infer...
14:58:20.086: npu: infer rc=0
14:58:20.086: npu d3fc1d: validate rc=0 infer...
14:58:20.086: npu: infer rc=0
14:58:20.209: npu d3fc2p3: validate rc=0 infer...
14:58:20.209: npu: infer rc=0
14:58:22.397:  Pitt
14:58:22.397: === token budget reached ===
14:58:22.397: sd[decode]: rd 246518 KB / 90693 ms, wr 0 KB / 0 ms
14:58:22.397: 
14:58:22.397: === speak now (12 s) ===
14:58:38.259: vad: floor -8.56 peak -7.03 thresh -7.56, speech to mel frame 1125 -> ctx 594 (10 tiles of 10)
14:58:38.259: sd[mel]: rd 442 KB / 139 ms, wr 475 KB / 541 ms
14:58:38.259: encoder...
14:58:38.383: npu wconv1: validate rc=0 infer...
14:58:38.383: npu: infer rc=0
14:58:38.383: npu wconv1: validate rc=0 infer...
14:58:38.507: npu: infer rc=0
14:58:38.507: npu wconv1: validate rc=0 infer...
14:58:38.507: npu: infer rc=0
14:58:38.507: npu wconv1: validate rc=0 infer...
14:58:38.507: npu: infer rc=0
14:58:38.518: npu wconv1: validate rc=0 infer...
14:58:38.642: npu: infer rc=0
14:58:38.642: npu wconv1: validate rc=0 infer...
14:58:38.642: npu: infer rc=0
14:58:38.642: npu wconv1: validate rc=0 infer...
14:58:38.765: npu: infer rc=0
14:58:38.765: npu wconv1: validate rc=0 infer...
14:58:38.765: npu: infer rc=0
14:58:38.765: npu wconv1: validate rc=0 infer...
14:58:38.765: npu: infer rc=0
14:58:38.777: npu wconv1: validate rc=0 infer...
14:58:38.899: npu: infer rc=0
14:58:38.899: npu wconv1: validate rc=0 infer...
14:58:38.899: npu: infer rc=0
14:58:38.899: npu wconv1: validate rc=0 infer...
14:58:39.023: npu: infer rc=0
14:58:39.023: npu wconv1: validate rc=0 infer...
14:58:39.023: npu: infer rc=0
14:58:39.023: npu wconv1: validate rc=0 infer...
14:58:39.023: npu: infer rc=0
14:58:39.036: npu wconv1: validate rc=0 infer...
14:58:39.158: npu: infer rc=0
14:58:39.158: npu wconv1: validate rc=0 infer...
14:58:39.158: npu: infer rc=0
14:58:39.158: npu wconv1: validate rc=0 infer...
14:58:39.168: npu: infer rc=0
14:58:39.291: npu wconv1: validate rc=0 infer...
14:58:39.291: npu: infer rc=0
14:58:39.291: npu wconv1: validate rc=0 infer...
14:58:39.291: npu: infer rc=0
14:58:39.291: npu wconv1: validate rc=0 infer...
14:58:39.411: npu: infer rc=0
14:58:39.422: npu wconv2a: validate rc=0 infer...
14:58:39.544: npu: infer rc=0
14:58:39.664: npu wconv2a: validate rc=0 infer...
14:58:39.783: npu: infer rc=0
14:58:39.783: npu wconv2a: validate rc=0 infer...
14:58:39.903: npu: infer rc=0
14:58:39.903: npu wconv2a: validate rc=0 infer...
14:58:40.024: npu: infer rc=0
14:58:40.024: npu wconv2a: validate rc=0 infer...
14:58:40.145: npu: infer rc=0
14:58:40.145: npu wconv2a: validate rc=0 infer...
14:58:40.156: npu: infer rc=0
14:58:40.281: npu wconv2a: validate rc=0 infer...
14:58:40.281: npu: infer rc=0
14:58:40.401: npu wconv2a: validate rc=0 infer...
14:58:40.401: npu: infer rc=0
14:58:40.420: npu wconv2a: validate rc=0 infer...
14:58:40.540: npu: infer rc=0
14:58:40.540: npu wconv2a: validate rc=0 infer...
14:58:40.661: npu: infer rc=0
14:58:40.661: npu wconv2b: validate rc=0 infer...
14:58:40.780: npu: infer rc=0
14:58:41.118: npu wconv2b: validate rc=0 infer...
14:58:41.118: npu: infer rc=0
14:58:41.130: npu wconv2b: validate rc=0 infer...
14:58:41.249: npu: infer rc=0
14:58:41.249: npu wconv2b: validate rc=0 infer...
14:58:41.370: npu: infer rc=0
14:58:41.370: npu wconv2b: validate rc=0 infer...
14:58:41.491: npu: infer rc=0
14:58:41.491: npu wconv2b: validate rc=0 infer...
14:58:41.611: npu: infer rc=0
14:58:41.611: npu wconv2b: validate rc=0 infer...
14:58:41.622: npu: infer rc=0
14:58:41.743: npu wconv2b: validate rc=0 infer...
14:58:41.743: npu: infer rc=0
14:58:41.863: npu wconv2b: validate rc=0 infer...
14:58:41.863: npu: infer rc=0
14:58:41.874: npu wconv2b: validate rc=0 infer...
14:58:41.996: npu: infer rc=0
14:58:42.115: npu wconv2c: validate rc=0 infer...
14:58:42.115: npu: infer rc=0
14:58:42.452: npu wconv2c: validate rc=0 infer...
14:58:42.452: npu: infer rc=0
14:58:42.573: npu wconv2c: validate rc=0 infer...
14:58:42.573: npu: infer rc=0
14:58:42.693: npu wconv2c: validate rc=0 infer...
14:58:42.693: npu: infer rc=0
14:58:42.704: npu wconv2c: validate rc=0 infer...
14:58:42.825: npu: infer rc=0
14:58:42.825: npu wconv2c: validate rc=0 infer...
14:58:42.947: npu: infer rc=0
14:58:42.947: npu wconv2c: validate rc=0 infer...
14:58:43.068: npu: infer rc=0
14:58:43.068: npu wconv2c: validate rc=0 infer...
14:58:43.078: npu: infer rc=0
14:58:43.199: npu wconv2c: validate rc=0 infer...
14:58:43.199: npu: infer rc=0
14:58:43.319: npu wconv2c: validate rc=0 infer...
14:58:43.319: npu: infer rc=0
14:58:44.746: npu wq0: validate rc=0 infer...
14:58:44.746: npu: infer rc=0
14:58:44.866: npu wq0: validate rc=0 infer...
14:58:44.866: npu: infer rc=0
14:58:45.096: npu wq0: validate rc=0 infer...
14:58:45.096: npu: infer rc=0
14:58:45.435: npu wq0: validate rc=0 infer...
14:58:45.435: npu: infer rc=0
14:58:45.775: npu wq0: validate rc=0 infer...
14:58:45.775: npu: infer rc=0
14:58:46.114: npu wq0: validate rc=0 infer...
14:58:46.114: npu: infer rc=0
14:58:46.452: npu wq0: validate rc=0 infer...
14:58:46.452: npu: infer rc=0
14:58:46.792: npu wq0: validate rc=0 infer...
14:58:46.792: npu: infer rc=0
14:58:47.133: npu wq0: validate rc=0 infer...
14:58:47.133: npu: infer rc=0
14:58:47.472: npu wq0: validate rc=0 infer...
14:58:47.472: npu: infer rc=0
14:58:47.815: npu wk0: validate rc=0 infer...
14:58:47.815: npu: infer rc=0
14:58:47.936: npu wk0: validate rc=0 infer...
14:58:47.936: npu: infer rc=0
14:58:48.166: npu wk0: validate rc=0 infer...
14:58:48.177: npu: infer rc=0
14:58:48.513: npu wk0: validate rc=0 infer...
14:58:48.524: npu: infer rc=0
14:58:48.864: npu wk0: validate rc=0 infer...
14:58:48.864: npu: infer rc=0
14:58:49.203: npu wk0: validate rc=0 infer...
14:58:49.203: npu: infer rc=0
14:58:49.543: npu wk0: validate rc=0 infer...
14:58:49.543: npu: infer rc=0
14:58:49.882: npu wk0: validate rc=0 infer...
14:58:49.882: npu: infer rc=0
14:58:50.221: npu wk0: validate rc=0 infer...
14:58:50.221: npu: infer rc=0
14:58:50.559: npu wk0: validate rc=0 infer...
14:58:50.559: npu: infer rc=0
14:58:50.898: npu wv0: validate rc=0 infer...
14:58:50.909: npu: infer rc=0
14:58:51.030: npu wv0: validate rc=0 infer...
14:58:51.030: npu: infer rc=0
14:58:51.370: npu wv0: validate rc=0 infer...
14:58:51.370: npu: infer rc=0
14:58:51.709: npu wv0: validate rc=0 infer...
14:58:51.709: npu: infer rc=0
14:58:52.050: npu wv0: validate rc=0 infer...
14:58:52.050: npu: infer rc=0
14:58:52.387: npu wv0: validate rc=0 infer...
14:58:52.387: npu: infer rc=0
14:58:52.725: npu wv0: validate rc=0 infer...
14:58:52.725: npu: infer rc=0
14:58:53.064: npu wv0: validate rc=0 infer...
14:58:53.064: npu: infer rc=0
14:58:53.293: npu wv0: validate rc=0 infer...
14:58:53.303: npu: infer rc=0
14:58:53.646: npu wv0: validate rc=0 infer...
14:58:53.646: npu: infer rc=0
14:59:15.285: npu wout0: validate rc=0 infer...
14:59:15.404: npu: infer rc=0
14:59:15.635: npu wout0: validate rc=0 infer...
14:59:15.635: npu: infer rc=0
14:59:15.635: npu wout0: validate rc=0 infer...
14:59:15.646: npu: infer rc=0
14:59:15.774: npu wout0: validate rc=0 infer...
14:59:15.774: npu: infer rc=0
14:59:15.774: npu wout0: validate rc=0 infer...
14:59:15.774: npu: infer rc=0
14:59:15.774: npu wout0: validate rc=0 infer...
14:59:15.774: npu: infer rc=0
14:59:15.774: npu wout0: validate rc=0 infer...
14:59:15.785: npu: infer rc=0
14:59:15.911: npu wout0: validate rc=0 infer...
14:59:15.911: npu: infer rc=0
14:59:15.911: npu wout0: validate rc=0 infer...
14:59:15.911: npu: infer rc=0
14:59:15.911: npu wout0: validate rc=0 infer...
14:59:15.911: npu: infer rc=0
14:59:17.238: npu wfc1a: validate rc=0 infer...
14:59:17.238: npu: infer rc=0
14:59:17.249: npu wfc2p0: validate rc=0 infer...
14:59:17.260: npu: infer rc=0
14:59:17.601: npu wfc1a: validate rc=0 infer...
14:59:17.601: npu: infer rc=0
14:59:17.601: npu wfc2p0: validate rc=0 infer...
14:59:17.601: npu: infer rc=0
14:59:17.722: npu wfc1a: validate rc=0 infer...
14:59:17.722: npu: infer rc=0
14:59:17.732: npu wfc2p0: validate rc=0 infer...
14:59:17.857: npu: infer rc=0
14:59:17.857: npu wfc1a: validate rc=0 infer...
14:59:17.857: npu: infer rc=0
14:59:17.982: npu wfc2p0: validate rc=0 infer...
14:59:17.982: npu: infer rc=0
14:59:17.982: npu wfc1a: validate rc=0 infer...
14:59:17.993: npu: infer rc=0
14:59:18.114: npu wfc2p0: validate rc=0 infer...
14:59:18.114: npu: infer rc=0
14:59:18.237: npu wfc1a: validate rc=0 infer...
14:59:18.237: npu: infer rc=0
14:59:18.237: npu wfc2p0: validate rc=0 infer...
14:59:18.237: npu: infer rc=0
14:59:18.359: npu wfc1a: validate rc=0 infer...
14:59:18.359: npu: infer rc=0
14:59:18.359: npu wfc2p0: validate rc=0 infer...
14:59:18.370: npu: infer rc=0
14:59:18.492: npu wfc1a: validate rc=0 infer...
14:59:18.492: npu: infer rc=0
14:59:18.616: npu wfc2p0: validate rc=0 infer...
14:59:18.616: npu: infer rc=0
14:59:18.616: npu wfc1a: validate rc=0 infer...
14:59:18.616: npu: infer rc=0
14:59:18.736: npu wfc2p0: validate rc=0 infer...
14:59:18.736: npu: infer rc=0
14:59:18.860: npu wfc1a: validate rc=0 infer...
14:59:18.860: npu: infer rc=0
14:59:18.860: npu wfc2p0: validate rc=0 infer...
14:59:18.860: npu: infer rc=0
14:59:18.983: npu wfc1b: validate rc=0 infer...
14:59:18.983: npu: infer rc=0
14:59:18.983: npu wfc2p1: validate rc=0 infer...
14:59:18.994: npu: infer rc=0
14:59:19.115: npu wfc1b: validate rc=0 infer...
14:59:19.115: npu: infer rc=0
14:59:19.241: npu wfc2p1: validate rc=0 infer...
14:59:19.241: npu: infer rc=0
14:59:19.241: npu wfc1b: validate rc=0 infer...
14:59:19.241: npu: infer rc=0
14:59:19.362: npu wfc2p1: validate rc=0 infer...
14:59:19.362: npu: infer rc=0
14:59:19.374: npu wfc1b: validate rc=0 infer...
14:59:19.494: npu: infer rc=0
14:59:19.494: npu wfc2p1: validate rc=0 infer...
14:59:19.494: npu: infer rc=0
14:59:19.616: npu wfc1b: validate rc=0 infer...
14:59:19.616: npu: infer rc=0
14:59:19.616: npu wfc2p1: validate rc=0 infer...
14:59:19.637: npu: infer rc=0
14:59:19.758: npu wfc1b: validate rc=0 infer...
14:59:19.758: npu: infer rc=0
14:59:19.769: npu wfc2p1: validate rc=0 infer...
14:59:19.780: npu: infer rc=0
14:59:19.901: npu wfc1b: validate rc=0 infer...
14:59:19.901: npu: infer rc=0
14:59:20.022: npu wfc2p1: validate rc=0 infer...
14:59:20.022: npu: infer rc=0
14:59:20.022: npu wfc1b: validate rc=0 infer...
14:59:20.022: npu: infer rc=0
14:59:20.144: npu wfc2p1: validate rc=0 infer...
14:59:20.144: npu: infer rc=0
14:59:20.155: npu wfc1b: validate rc=0 infer...
14:59:20.278: npu: infer rc=0
14:59:20.278: npu wfc2p1: validate rc=0 infer...
14:59:20.278: npu: infer rc=0
14:59:20.401: npu wfc1b: validate rc=0 infer...
14:59:20.401: npu: infer rc=0
14:59:20.401: npu wfc2p1: validate rc=0 infer...
14:59:20.401: npu: infer rc=0
14:59:20.522: npu wfc1c: validate rc=0 infer...
14:59:20.522: npu: infer rc=0
14:59:20.644: npu wfc2p2: validate rc=0 infer...
14:59:20.644: npu: infer rc=0
14:59:20.644: npu wfc1c: validate rc=0 infer...
14:59:20.644: npu: infer rc=0
14:59:20.766: npu wfc2p2: validate rc=0 infer...
14:59:20.766: npu: infer rc=0
14:59:20.889: npu wfc1c: validate rc=0 infer...
14:59:20.889: npu: infer rc=0
14:59:20.889: npu wfc2p2: validate rc=0 infer...
14:59:20.889: npu: infer rc=0
14:59:21.014: npu wfc1c: validate rc=0 infer...
14:59:21.014: npu: infer rc=0
14:59:21.014: npu wfc2p2: validate rc=0 infer...
14:59:21.025: npu: infer rc=0
14:59:21.146: npu wfc1c: validate rc=0 infer...
14:59:21.146: npu: infer rc=0
14:59:21.269: npu wfc2p2: validate rc=0 infer...
14:59:21.269: npu: infer rc=0
14:59:21.269: npu wfc1c: validate rc=0 infer...
14:59:21.269: npu: infer rc=0
14:59:21.390: npu wfc2p2: validate rc=0 infer...
14:59:21.390: npu: infer rc=0
14:59:21.512: npu wfc1c: validate rc=0 infer...
14:59:21.512: npu: infer rc=0
14:59:21.512: npu wfc2p2: validate rc=0 infer...
14:59:21.512: npu: infer rc=0
14:59:21.635: npu wfc1c: validate rc=0 infer...
14:59:21.635: npu: infer rc=0
14:59:21.635: npu wfc2p2: validate rc=0 infer...
14:59:21.755: npu: infer rc=0
14:59:21.755: npu wfc1c: validate rc=0 infer...
14:59:21.755: npu: infer rc=0
14:59:21.877: npu wfc2p2: validate rc=0 infer...
14:59:21.877: npu: infer rc=0
14:59:21.877: npu wfc1c: validate rc=0 infer...
14:59:21.888: npu: infer rc=0
14:59:22.010: npu wfc2p2: validate rc=0 infer...
14:59:22.010: npu: infer rc=0
14:59:22.133: npu wfc1d: validate rc=0 infer...
14:59:22.133: npu: infer rc=0
14:59:22.133: npu wfc2p3: validate rc=0 infer...
14:59:22.133: npu: infer rc=0
14:59:22.255: npu wfc1d: validate rc=0 infer...
14:59:22.255: npu: infer rc=0
14:59:22.266: npu wfc2p3: validate rc=0 infer...
14:59:22.277: npu: infer rc=0
14:59:22.399: npu wfc1d: validate rc=0 infer...
14:59:22.399: npu: infer rc=0
14:59:22.521: npu wfc2p3: validate rc=0 infer...
14:59:22.521: npu: infer rc=0
14:59:22.521: npu wfc1d: validate rc=0 infer...
14:59:22.521: npu: infer rc=0
14:59:22.644: npu wfc2p3: validate rc=0 infer...
14:59:22.644: npu: infer rc=0
14:59:22.655: npu wfc1d: validate rc=0 infer...
14:59:22.778: npu: infer rc=0
14:59:22.778: npu wfc2p3: validate rc=0 infer...
14:59:22.778: npu: infer rc=0
14:59:22.900: npu wfc1d: validate rc=0 infer...
14:59:22.900: npu: infer rc=0
14:59:22.900: npu wfc2p3: validate rc=0 infer...
14:59:22.900: npu: infer rc=0
14:59:23.022: npu wfc1d: validate rc=0 infer...
14:59:23.022: npu: infer rc=0
14:59:23.145: npu wfc2p3: validate rc=0 infer...
14:59:23.145: npu: infer rc=0
14:59:23.145: npu wfc1d: validate rc=0 infer...
14:59:23.145: npu: infer rc=0
14:59:23.266: npu wfc2p3: validate rc=0 infer...
14:59:23.266: npu: infer rc=0
14:59:23.277: npu wfc1d: validate rc=0 infer...
14:59:23.400: npu: infer rc=0
14:59:23.400: npu wfc2p3: validate rc=0 infer...
14:59:23.400: npu: infer rc=0
14:59:23.522: npu wfc1d: validate rc=0 infer...
14:59:23.522: npu: infer rc=0
14:59:23.522: npu wfc2p3: validate rc=0 infer...
14:59:23.522: npu: infer rc=0
14:59:25.167: npu w1q: validate rc=0 infer...
14:59:25.167: npu: infer rc=0
14:59:25.287: npu w1q: validate rc=0 infer...
14:59:25.287: npu: infer rc=0
14:59:25.519: npu w1q: validate rc=0 infer...
14:59:25.519: npu: infer rc=0
14:59:25.862: npu w1q: validate rc=0 infer...
14:59:25.862: npu: infer rc=0
14:59:26.201: npu w1q: validate rc=0 infer...
14:59:26.201: npu: infer rc=0
14:59:26.540: npu w1q: validate rc=0 infer...
14:59:26.540: npu: infer rc=0
14:59:26.770: npu w1q: validate rc=0 infer...
14:59:26.781: npu: infer rc=0
14:59:27.122: npu w1q: validate rc=0 infer...
14:59:27.122: npu: infer rc=0
14:59:27.462: npu w1q: validate rc=0 infer...
14:59:27.462: npu: infer rc=0
14:59:27.801: npu w1q: validate rc=0 infer...
14:59:27.801: npu: infer rc=0
14:59:28.141: npu w1k: validate rc=0 infer...
14:59:28.263: npu: infer rc=0
14:59:28.263: npu w1k: validate rc=0 infer...
14:59:28.263: npu: infer rc=0
14:59:28.607: npu w1k: validate rc=0 infer...
14:59:28.607: npu: infer rc=0
14:59:28.947: npu w1k: validate rc=0 infer...
14:59:28.947: npu: infer rc=0
14:59:29.291: npu w1k: validate rc=0 infer...
14:59:29.291: npu: infer rc=0
14:59:29.630: npu w1k: validate rc=0 infer...
14:59:29.630: npu: infer rc=0
14:59:29.859: npu w1k: validate rc=0 infer...
14:59:29.978: npu: infer rc=0
14:59:30.207: npu w1k: validate rc=0 infer...
14:59:30.218: npu: infer rc=0
14:59:30.558: npu w1k: validate rc=0 infer...
14:59:30.558: npu: infer rc=0
14:59:30.898: npu w1k: validate rc=0 infer...
14:59:30.898: npu: infer rc=0
14:59:31.345: npu w1v: validate rc=0 infer...
14:59:31.345: npu: infer rc=0
14:59:31.345: npu w1v: validate rc=0 infer...
14:59:31.345: npu: infer rc=0
14:59:31.681: npu w1v: validate rc=0 infer...
14:59:31.681: npu: infer rc=0
14:59:32.023: npu w1v: validate rc=0 infer...
14:59:32.023: npu: infer rc=0
14:59:32.362: npu w1v: validate rc=0 infer...
14:59:32.362: npu: infer rc=0
14:59:32.703: npu w1v: validate rc=0 infer...
14:59:32.703: npu: infer rc=0
14:59:33.043: npu w1v: validate rc=0 infer...
14:59:33.043: npu: infer rc=0
14:59:33.383: npu w1v: validate rc=0 infer...
14:59:33.383: npu: infer rc=0
14:59:33.723: npu w1v: validate rc=0 infer...
14:59:33.723: npu: infer rc=0
14:59:34.062: npu w1v: validate rc=0 infer...
14:59:34.062: npu: infer rc=0
14:59:55.441: npu w1out: validate rc=0 infer...
14:59:55.441: npu: infer rc=0
14:59:55.670: npu w1out: validate rc=0 infer...
14:59:55.670: npu: infer rc=0
14:59:55.797: npu w1out: validate rc=0 infer...
14:59:55.797: npu: infer rc=0
14:59:55.797: npu w1out: validate rc=0 infer...
14:59:55.797: npu: infer rc=0
14:59:55.797: npu w1out: validate rc=0 infer...
14:59:55.797: npu: infer rc=0
14:59:55.797: npu w1out: validate rc=0 infer...
14:59:55.808: npu: infer rc=0
14:59:55.934: npu w1out: validate rc=0 infer...
14:59:55.934: npu: infer rc=0
14:59:55.934: npu w1out: validate rc=0 infer...
14:59:55.934: npu: infer rc=0
14:59:55.934: npu w1out: validate rc=0 infer...
14:59:55.934: npu: infer rc=0
14:59:55.934: npu w1out: validate rc=0 infer...
14:59:55.945: npu: infer rc=0
14:59:57.267: npu w1fc1a: validate rc=0 infer...
14:59:57.267: npu: infer rc=0
14:59:57.388: npu w1fc2p0: validate rc=0 infer...
14:59:57.388: npu: infer rc=0
14:59:57.617: npu w1fc1a: validate rc=0 infer...
14:59:57.617: npu: infer rc=0
14:59:57.740: npu w1fc2p0: validate rc=0 infer...
14:59:57.740: npu: infer rc=0
14:59:57.740: npu w1fc1a: validate rc=0 infer...
14:59:57.740: npu: infer rc=0
14:59:57.862: npu w1fc2p0: validate rc=0 infer...
14:59:57.862: npu: infer rc=0
14:59:57.987: npu w1fc1a: validate rc=0 infer...
14:59:57.987: npu: infer rc=0
14:59:57.987: npu w1fc2p0: validate rc=0 infer...
14:59:57.987: npu: infer rc=0
14:59:58.110: npu w1fc1a: validate rc=0 infer...
14:59:58.110: npu: infer rc=0
14:59:58.110: npu w1fc2p0: validate rc=0 infer...
14:59:58.121: npu: infer rc=0
14:59:58.243: npu w1fc1a: validate rc=0 infer...
14:59:58.243: npu: infer rc=0
14:59:58.367: npu w1fc2p0: validate rc=0 infer...
14:59:58.367: npu: infer rc=0
14:59:58.367: npu w1fc1a: validate rc=0 infer...
14:59:58.367: npu: infer rc=0
14:59:58.489: npu w1fc2p0: validate rc=0 infer...
14:59:58.489: npu: infer rc=0
14:59:58.501: npu w1fc1a: validate rc=0 infer...
14:59:58.622: npu: infer rc=0
14:59:58.622: npu w1fc2p0: validate rc=0 infer...
14:59:58.622: npu: infer rc=0
14:59:58.747: npu w1fc1a: validate rc=0 infer...
14:59:58.747: npu: infer rc=0
14:59:58.747: npu w1fc2p0: validate rc=0 infer...
14:59:58.747: npu: infer rc=0
14:59:58.868: npu w1fc1a: validate rc=0 infer...
14:59:58.868: npu: infer rc=0
14:59:58.990: npu w1fc2p0: validate rc=0 infer...
14:59:58.990: npu: infer rc=0
14:59:58.990: npu w1fc1b: validate rc=0 infer...
14:59:58.990: npu: infer rc=0
14:59:59.113: npu w1fc2p1: validate rc=0 infer...
14:59:59.113: npu: infer rc=0
14:59:59.239: npu w1fc1b: validate rc=0 infer...
14:59:59.239: npu: infer rc=0
14:59:59.239: npu w1fc2p1: validate rc=0 infer...
14:59:59.239: npu: infer rc=0
14:59:59.361: npu w1fc1b: validate rc=0 infer...
14:59:59.361: npu: infer rc=0
14:59:59.361: npu w1fc2p1: validate rc=0 infer...
14:59:59.372: npu: infer rc=0
14:59:59.493: npu w1fc1b: validate rc=0 infer...
14:59:59.493: npu: infer rc=0
14:59:59.617: npu w1fc2p1: validate rc=0 infer...
14:59:59.617: npu: infer rc=0
14:59:59.617: npu w1fc1b: validate rc=0 infer...
14:59:59.617: npu: infer rc=0
14:59:59.739: npu w1fc2p1: validate rc=0 infer...
14:59:59.739: npu: infer rc=0
14:59:59.750: npu w1fc1b: validate rc=0 infer...
14:59:59.761: npu: infer rc=0
14:59:59.886: npu w1fc2p1: validate rc=0 infer...
14:59:59.886: npu: infer rc=0
15:00:00.008: npu w1fc1b: validate rc=0 infer...
15:00:00.008: npu: infer rc=0
15:00:00.008: npu w1fc2p1: validate rc=0 infer...
15:00:00.008: npu: infer rc=0
15:00:00.129: npu w1fc1b: validate rc=0 infer...
15:00:00.129: npu: infer rc=0
15:00:00.129: npu w1fc2p1: validate rc=0 infer...
15:00:00.251: npu: infer rc=0
15:00:00.251: npu w1fc1b: validate rc=0 infer...
15:00:00.251: npu: infer rc=0
15:00:00.373: npu w1fc2p1: validate rc=0 infer...
15:00:00.373: npu: infer rc=0
15:00:00.373: npu w1fc1b: validate rc=0 infer...
15:00:00.383: npu: infer rc=0
15:00:00.505: npu w1fc2p1: validate rc=0 infer...
15:00:00.505: npu: infer rc=0
15:00:00.628: npu w1fc1c: validate rc=0 infer...
15:00:00.628: npu: infer rc=0
15:00:00.628: npu w1fc2p2: validate rc=0 infer...
15:00:00.628: npu: infer rc=0
15:00:00.753: npu w1fc1c: validate rc=0 infer...
15:00:00.753: npu: infer rc=0
15:00:00.753: npu w1fc2p2: validate rc=0 infer...
15:00:00.875: npu: infer rc=0
15:00:00.875: npu w1fc1c: validate rc=0 infer...
15:00:00.875: npu: infer rc=0
15:00:00.997: npu w1fc2p2: validate rc=0 infer...
15:00:00.997: npu: infer rc=0
15:00:00.997: npu w1fc1c: validate rc=0 infer...
15:00:01.008: npu: infer rc=0
15:00:01.131: npu w1fc2p2: validate rc=0 infer...
15:00:01.131: npu: infer rc=0
15:00:01.256: npu w1fc1c: validate rc=0 infer...
15:00:01.256: npu: infer rc=0
15:00:01.256: npu w1fc2p2: validate rc=0 infer...
15:00:01.256: npu: infer rc=0
15:00:01.380: npu w1fc1c: validate rc=0 infer...
15:00:01.380: npu: infer rc=0
15:00:01.380: npu w1fc2p2: validate rc=0 infer...
15:00:01.391: npu: infer rc=0
15:00:01.512: npu w1fc1c: validate rc=0 infer...
15:00:01.512: npu: infer rc=0
15:00:01.635: npu w1fc2p2: validate rc=0 infer...
15:00:01.635: npu: infer rc=0
15:00:01.635: npu w1fc1c: validate rc=0 infer...
15:00:01.635: npu: infer rc=0
15:00:01.757: npu w1fc2p2: validate rc=0 infer...
15:00:01.757: npu: infer rc=0
15:00:01.768: npu w1fc1c: validate rc=0 infer...
15:00:01.890: npu: infer rc=0
15:00:01.890: npu w1fc2p2: validate rc=0 infer...
15:00:01.890: npu: infer rc=0
15:00:02.014: npu w1fc1c: validate rc=0 infer...
15:00:02.014: npu: infer rc=0
15:00:02.014: npu w1fc2p2: validate rc=0 infer...
15:00:02.014: npu: infer rc=0
15:00:02.135: npu w1fc1d: validate rc=0 infer...
15:00:02.135: npu: infer rc=0
15:00:02.261: npu w1fc2p3: validate rc=0 infer...
15:00:02.261: npu: infer rc=0
15:00:02.261: npu w1fc1d: validate rc=0 infer...
15:00:02.261: npu: infer rc=0
15:00:02.384: npu w1fc2p3: validate rc=0 infer...
15:00:02.384: npu: infer rc=0
15:00:02.395: npu w1fc1d: validate rc=0 infer...
15:00:02.405: npu: infer rc=0
15:00:02.526: npu w1fc2p3: validate rc=0 infer...
15:00:02.526: npu: infer rc=0
15:00:02.652: npu w1fc1d: validate rc=0 infer...
15:00:02.652: npu: infer rc=0
15:00:02.652: npu w1fc2p3: validate rc=0 infer...
15:00:02.652: npu: infer rc=0
15:00:02.774: npu w1fc1d: validate rc=0 infer...
15:00:02.774: npu: infer rc=0
15:00:02.774: npu w1fc2p3: validate rc=0 infer...
15:00:02.897: npu: infer rc=0
15:00:02.897: npu w1fc1d: validate rc=0 infer...
15:00:02.897: npu: infer rc=0
15:00:03.021: npu w1fc2p3: validate rc=0 infer...
15:00:03.021: npu: infer rc=0
15:00:03.021: npu w1fc1d: validate rc=0 infer...
15:00:03.031: npu: infer rc=0
15:00:03.152: npu w1fc2p3: validate rc=0 infer...
15:00:03.152: npu: infer rc=0
15:00:03.274: npu w1fc1d: validate rc=0 infer...
15:00:03.274: npu: infer rc=0
15:00:03.274: npu w1fc2p3: validate rc=0 infer...
15:00:03.274: npu: infer rc=0
15:00:03.396: npu w1fc1d: validate rc=0 infer...
15:00:03.396: npu: infer rc=0
15:00:03.396: npu w1fc2p3: validate rc=0 infer...
15:00:03.519: npu: infer rc=0
15:00:03.519: npu w1fc1d: validate rc=0 infer...
15:00:03.519: npu: infer rc=0
15:00:03.640: npu w1fc2p3: validate rc=0 infer...
15:00:03.640: npu: infer rc=0
15:00:05.173: npu w2q: validate rc=0 infer...
15:00:05.184: npu: infer rc=0
15:00:05.305: npu w2q: validate rc=0 infer...
15:00:05.305: npu: infer rc=0
15:00:05.535: npu w2q: validate rc=0 infer...
15:00:05.535: npu: infer rc=0
15:00:05.877: npu w2q: validate rc=0 infer...
15:00:05.877: npu: infer rc=0
15:00:06.220: npu w2q: validate rc=0 infer...
15:00:06.220: npu: infer rc=0
15:00:06.559: npu w2q: validate rc=0 infer...
15:00:06.559: npu: infer rc=0
15:00:06.897: npu w2q: validate rc=0 infer...
15:00:06.897: npu: infer rc=0
15:00:07.237: npu w2q: validate rc=0 infer...
15:00:07.237: npu: infer rc=0
15:00:07.467: npu w2q: validate rc=0 infer...
15:00:07.587: npu: infer rc=0
15:00:07.816: npu w2q: validate rc=0 infer...
15:00:07.827: npu: infer rc=0
15:00:08.275: npu w2k: validate rc=0 infer...
15:00:08.275: npu: infer rc=0
15:00:08.275: npu w2k: validate rc=0 infer...
15:00:08.395: npu: infer rc=0
15:00:08.626: npu w2k: validate rc=0 infer...
15:00:08.626: npu: infer rc=0
15:00:08.966: npu w2k: validate rc=0 infer...
15:00:08.966: npu: infer rc=0
15:00:09.307: npu w2k: validate rc=0 infer...
15:00:09.307: npu: infer rc=0
15:00:09.649: npu w2k: validate rc=0 infer...
15:00:09.649: npu: infer rc=0
15:00:09.988: npu w2k: validate rc=0 infer...
15:00:09.988: npu: infer rc=0
15:00:10.326: npu w2k: validate rc=0 infer...
15:00:10.326: npu: infer rc=0
15:00:10.665: npu w2k: validate rc=0 infer...
15:00:10.665: npu: infer rc=0
15:00:11.004: npu w2k: validate rc=0 infer...
15:00:11.004: npu: infer rc=0
15:00:11.345: npu w2v: validate rc=0 infer...
15:00:11.345: npu: infer rc=0
15:00:11.464: npu w2v: validate rc=0 infer...
15:00:11.464: npu: infer rc=0
15:00:11.694: npu w2v: validate rc=0 infer...
15:00:11.694: npu: infer rc=0
15:00:12.036: npu w2v: validate rc=0 infer...
15:00:12.036: npu: infer rc=0
15:00:12.375: npu w2v: validate rc=0 infer...
15:00:12.375: npu: infer rc=0
15:00:12.715: npu w2v: validate rc=0 infer...
15:00:12.715: npu: infer rc=0
15:00:13.052: npu w2v: validate rc=0 infer...
15:00:13.052: npu: infer rc=0
15:00:13.390: npu w2v: validate rc=0 infer...
15:00:13.390: npu: infer rc=0
15:00:13.729: npu w2v: validate rc=0 infer...
15:00:13.729: npu: infer rc=0
15:00:14.068: npu w2v: validate rc=0 infer...
15:00:14.068: npu: infer rc=0
15:00:35.401: npu w2out: validate rc=0 infer...
15:00:35.401: npu: infer rc=0
15:00:35.630: npu w2out: validate rc=0 infer...
15:00:35.630: npu: infer rc=0
15:00:35.754: npu w2out: validate rc=0 infer...
15:00:35.754: npu: infer rc=0
15:00:35.754: npu w2out: validate rc=0 infer...
15:00:35.754: npu: infer rc=0
15:00:35.754: npu w2out: validate rc=0 infer...
15:00:35.754: npu: infer rc=0
15:00:35.754: npu w2out: validate rc=0 infer...
15:00:35.765: npu: infer rc=0
15:00:35.891: npu w2out: validate rc=0 infer...
15:00:35.891: npu: infer rc=0
15:00:35.891: npu w2out: validate rc=0 infer...
15:00:35.891: npu: infer rc=0
15:00:35.891: npu w2out: validate rc=0 infer...
15:00:35.891: npu: infer rc=0
15:00:35.891: npu w2out: validate rc=0 infer...
15:00:35.901: npu: infer rc=0
15:00:37.216: npu w2fc1a: validate rc=0 infer...
15:00:37.216: npu: infer rc=0
15:00:37.341: npu w2fc2p0: validate rc=0 infer...
15:00:37.341: npu: infer rc=0
15:00:37.572: npu w2fc1a: validate rc=0 infer...
15:00:37.572: npu: infer rc=0
15:00:37.695: npu w2fc2p0: validate rc=0 infer...
15:00:37.695: npu: infer rc=0
15:00:37.695: npu w2fc1a: validate rc=0 infer...
15:00:37.695: npu: infer rc=0
15:00:37.815: npu w2fc2p0: validate rc=0 infer...
15:00:37.815: npu: infer rc=0
15:00:37.937: npu w2fc1a: validate rc=0 infer...
15:00:37.937: npu: infer rc=0
15:00:37.937: npu w2fc2p0: validate rc=0 infer...
15:00:37.937: npu: infer rc=0
15:00:38.061: npu w2fc1a: validate rc=0 infer...
15:00:38.061: npu: infer rc=0
15:00:38.061: npu w2fc2p0: validate rc=0 infer...
15:00:38.072: npu: infer rc=0
15:00:38.193: npu w2fc1a: validate rc=0 infer...
15:00:38.193: npu: infer rc=0
15:00:38.314: npu w2fc2p0: validate rc=0 infer...
15:00:38.314: npu: infer rc=0
15:00:38.314: npu w2fc1a: validate rc=0 infer...
15:00:38.314: npu: infer rc=0
15:00:38.435: npu w2fc2p0: validate rc=0 infer...
15:00:38.435: npu: infer rc=0
15:00:38.558: npu w2fc1a: validate rc=0 infer...
15:00:38.558: npu: infer rc=0
15:00:38.558: npu w2fc2p0: validate rc=0 infer...
15:00:38.558: npu: infer rc=0
15:00:38.681: npu w2fc1a: validate rc=0 infer...
15:00:38.681: npu: infer rc=0
15:00:38.681: npu w2fc2p0: validate rc=0 infer...
15:00:38.692: npu: infer rc=0
15:00:38.812: npu w2fc1a: validate rc=0 infer...
15:00:38.812: npu: infer rc=0
15:00:38.934: npu w2fc2p0: validate rc=0 infer...
15:00:38.934: npu: infer rc=0
15:00:38.934: npu w2fc1b: validate rc=0 infer...
15:00:38.946: npu: infer rc=0
15:00:39.068: npu w2fc2p1: validate rc=0 infer...
15:00:39.068: npu: infer rc=0
15:00:39.079: npu w2fc1b: validate rc=0 infer...
15:00:39.090: npu: infer rc=0
15:00:39.209: npu w2fc2p1: validate rc=0 infer...
15:00:39.209: npu: infer rc=0
15:00:39.332: npu w2fc1b: validate rc=0 infer...
15:00:39.332: npu: infer rc=0
15:00:39.332: npu w2fc2p1: validate rc=0 infer...
15:00:39.332: npu: infer rc=0
15:00:39.453: npu w2fc1b: validate rc=0 infer...
15:00:39.453: npu: infer rc=0
15:00:39.464: npu w2fc2p1: validate rc=0 infer...
15:00:39.475: npu: infer rc=0
15:00:39.597: npu w2fc1b: validate rc=0 infer...
15:00:39.597: npu: infer rc=0
15:00:39.719: npu w2fc2p1: validate rc=0 infer...
15:00:39.719: npu: infer rc=0
15:00:39.719: npu w2fc1b: validate rc=0 infer...
15:00:39.719: npu: infer rc=0
15:00:39.840: npu w2fc2p1: validate rc=0 infer...
15:00:39.840: npu: infer rc=0
15:00:39.962: npu w2fc1b: validate rc=0 infer...
15:00:39.962: npu: infer rc=0
15:00:39.962: npu w2fc2p1: validate rc=0 infer...
15:00:39.962: npu: infer rc=0
